actor_common.dies,dies.,死了。
actor_common.feel_frailer,I feel frailer!,我感觉更虚弱了！
actor_common.feel_healthier,I feel healthier!,我感觉更健康了！
actor_common.feel_more_spirited,I feel more spirited!,我感觉精神更振奋了！
actor_common.feel_more_vigorous,I feel more vigorous!,我感觉更有活力了！
actor_common.grow_in_spirit, appears to grow in spirit.,精神似乎变强了。
actor_common.looks_frailer, looks frailer.,看起来更虚弱了。
actor_common.looks_healthier, looks healthier.,看起来更健康了。
actor_common.looks_more_spirited, looks more spirited.,看起来精神更振奋了。
actor_common.looks_more_vigorous, looks more vigorous.,看起来更有活力了。
actor_common.shrink_in_spirit, appears to shrink in spirit.,精神似乎变弱了。
actor_common.spirit_stronger,My spirit is stronger!,我的精神更强大了！
actor_common.spirit_weaker,My spirit is weaker!,我的精神更虚弱了！
actor_data.aware_hidden.abaxu,I hear the flapping of great wings.,我听见巨大翅膀拍动的声音。
actor_data.aware_hidden.abyssal_troglodyte,I hear shrieking.,我听见尖叫声。
actor_data.aware_hidden.air_beast,I hear a snarl.,我听见一声咆哮。
actor_data.aware_hidden.air_hound,I hear a snarl.,我听见一声咆哮。
actor_data.aware_hidden.ape,I hear a beast howling.,我听见野兽嚎叫。
actor_data.aware_hidden.black_mamba,I hear hissing.,我听见嘶嘶声。
actor_data.aware_hidden.brown_jenkin,I hear a loathsome titter.,我听见令人厌恶的窃笑。
actor_data.aware_hidden.byakhee,I hear the flapping of great wings.,我听见巨大翅膀拍动的声音。
actor_data.aware_hidden.croc_head_mummy,I hear a hollow voice.,我听见空洞的声音。
actor_data.aware_hidden.dust_vortex,I hear a howling wind.,我听见呼啸的风声。
actor_data.aware_hidden.earth_beast,I hear a snarl.,我听见一声咆哮。
actor_data.aware_hidden.earth_hound,I hear a snarl.,我听见一声咆哮。
actor_data.aware_hidden.energy_vortex,I hear a howling wind.,我听见呼啸的风声。
actor_data.aware_hidden.failed_reanimation,I hear a growling voice.,我听见低吼的声音。
actor_data.aware_hidden.fire_beast,I hear a snarl.,我听见一声咆哮。
actor_data.aware_hidden.fire_hound,I hear a snarl.,我听见一声咆哮。
actor_data.aware_hidden.fire_vortex,I hear a howling wind.,我听见呼啸的风声。
actor_data.aware_hidden.flying_polyp,I hear a shrill whistling.,我听见尖厉的哨声。
actor_data.aware_hidden.ghoul,I hear a chilling growl.,我听见令人胆寒的低吼。
actor_data.aware_hidden.giant_bat,I hear the flapping of great wings.,我听见巨大翅膀拍动的声音。
actor_data.aware_hidden.greater_polyp,I hear a shrill whistling.,我听见尖厉的哨声。
actor_data.aware_hidden.hunting_horror,I hear the flapping of great wings.,我听见巨大翅膀拍动的声音。
actor_data.aware_hidden.keziah_mason,I hear a repulsive croaking voice.,我听见令人作呕的嘎嘎嗓音。
actor_data.aware_hidden.khephren,I hear a hollow voice.,我听见空洞的声音。
actor_data.aware_hidden.mi_go,I hear a droning voice.,我听见嗡嗡的声音。
actor_data.aware_hidden.mi_go_commander,I hear a droning voice.,我听见嗡嗡的声音。
actor_data.aware_hidden.mi_go_omega_sentinel,I hear a droning voice.,我听见嗡嗡的声音。
actor_data.aware_hidden.mummy,I hear a hollow voice.,我听见空洞的声音。
actor_data.aware_hidden.nitokris,I hear a hollow voice.,我听见空洞的声音。
actor_data.aware_hidden.ooze_lurking,I hear a gurgling noise.,我听见汩汩声。
actor_data.aware_hidden.ooze_poison,I hear a gurgling noise.,我听见汩汩声。
actor_data.aware_hidden.ooze_putrid,I hear a gurgling noise.,我听见汩汩声。
actor_data.aware_hidden.pickman,I hear a chilling growl.,我听见令人胆寒的低吼。
actor_data.aware_hidden.pit_viper,I hear hissing.,我听见嘶嘶声。
actor_data.aware_hidden.raven,I hear the flapping of wings.,我听见翅膀拍动的声音。
actor_data.aware_hidden.sentry_drone,I hear a deep buzzing sound.,我听见低沉的嗡鸣声。
actor_data.aware_hidden.spitting_cobra,I hear hissing.,我听见嘶嘶声。
actor_data.aware_hidden.troglodyte,I hear shrieking.,我听见尖叫声。
actor_data.aware_hidden.vampire_bat,I hear the flapping of great wings.,我听见巨大翅膀拍动的声音。
actor_data.aware_hidden.water_beast,I hear a snarl.,我听见一声咆哮。
actor_data.aware_hidden.water_hound,I hear a snarl.,我听见一声咆哮。
actor_data.aware_hidden.winged_zombie,I hear the flapping of great wings.,我听见巨大翅膀拍动的声音。
actor_data.aware_hidden.wolf,I hear snarling.,我听见咆哮声。
actor_data.aware_hidden.zealot,I hear a harrowing scream.,我听见凄厉的惨叫。
actor_data.aware_hidden.zombie,I hear a growling voice.,我听见低吼的声音。
actor_data.aware_hidden.zuul,I hear a snarl.,我听见一声咆哮。
actor_data.aware_seen.abyssal_troglodyte,shrieks.,发出尖叫。
actor_data.aware_seen.air_beast,snarls.,咆哮。
actor_data.aware_seen.air_hound,snarls.,咆哮。
actor_data.aware_seen.ape,howls.,嚎叫。
actor_data.aware_seen.black_mamba,hisses.,发出嘶嘶声。
actor_data.aware_seen.brown_jenkin,titters in a loathsome voice.,用令人厌恶的声音窃笑。
actor_data.aware_seen.croc_head_mummy,speaks in a hollow voice.,用空洞的声音说话。
actor_data.aware_seen.earth_beast,snarls.,咆哮。
actor_data.aware_seen.earth_hound,snarls.,咆哮。
actor_data.aware_seen.failed_reanimation,growls.,低吼。
actor_data.aware_seen.fire_beast,snarls.,咆哮。
actor_data.aware_seen.fire_hound,snarls.,咆哮。
actor_data.aware_seen.flying_polyp,makes shrill whistling sounds.,发出尖厉的哨声。
actor_data.aware_seen.ghoul,growls.,低吼。
actor_data.aware_seen.greater_polyp,makes shrill whistling sounds.,发出尖厉的哨声。
actor_data.aware_seen.keziah_mason,chortles in a croaking voice.,用嘎嘎的嗓音咯咯发笑。
actor_data.aware_seen.khephren,speaks in a hollow voice.,用空洞的声音说话。
actor_data.aware_seen.mi_go,speaks in a droning voice.,用嗡嗡的声音说话。
actor_data.aware_seen.mi_go_bio_engineer,speaks in a droning voice.,用嗡嗡的声音说话。
actor_data.aware_seen.mi_go_commander,speaks in a droning voice.,用嗡嗡的声音说话。
actor_data.aware_seen.mi_go_omega_sentinel,speaks in a droning voice.,用嗡嗡的声音说话。
actor_data.aware_seen.mummy,speaks in a hollow voice.,用空洞的声音说话。
actor_data.aware_seen.nitokris,speaks in a hollow voice.,用空洞的声音说话。
actor_data.aware_seen.ooze_lurking,makes a gurgling noise.,发出汩汩声。
actor_data.aware_seen.ooze_poison,makes a gurgling noise.,发出汩汩声。
actor_data.aware_seen.ooze_putrid,makes a gurgling noise.,发出汩汩声。
actor_data.aware_seen.pickman,growls.,低吼。
actor_data.aware_seen.pit_viper,hisses.,发出嘶嘶声。
actor_data.aware_seen.sentry_drone,makes a deep buzzing sound.,发出低沉的嗡鸣声。
actor_data.aware_seen.spitting_cobra,hisses.,发出嘶嘶声。
actor_data.aware_seen.troglodyte,shrieks.,发出尖叫。
actor_data.aware_seen.water_beast,snarls.,咆哮。
actor_data.aware_seen.water_hound,snarls.,咆哮。
actor_data.aware_seen.winged_zombie,growls.,低吼。
actor_data.aware_seen.wolf,snarls.,咆哮。
actor_data.aware_seen.zealot,screams in agony.,痛苦地尖叫。
actor_data.aware_seen.zombie,growls.,低吼。
actor_data.aware_seen.zuul,snarls.,咆哮。
actor_data.corpse_name_a.abaxu,the corpse of Abaxu,阿巴克苏的尸体
actor_data.corpse_name_a.abyssal_troglodyte,an Abyssal Troglodyte corpse,深渊穴居人的尸体
actor_data.corpse_name_a.ape,an Ape corpse,猿尸
actor_data.corpse_name_a.black_mamba,a Black Mamba corpse,黑曼巴尸体
actor_data.corpse_name_a.black_phillip,the carcass of Black Phillip,黑菲利普的尸骸
actor_data.corpse_name_a.bloated_zombie,a huge gruesome corpse,巨大的狰狞尸体
actor_data.corpse_name_a.bog_tcher,a Bog Tcher corpse,博格彻的尸体
actor_data.corpse_name_a.brown_jenkin,the corpse of Brown Jenkin,布朗·詹金的尸体
actor_data.corpse_name_a.byakhee,a Byakhee corpse,拜亚基的尸体
actor_data.corpse_name_a.chthonian,a Chthonian corpse,地底巨蠕兽的尸体
actor_data.corpse_name_a.croc_head_mummy,a lifeless Mummy,没有生命的木乃伊
actor_data.corpse_name_a.cultist,a Cultist corpse,邪教徒尸体
actor_data.corpse_name_a.cultist_arch_wizard,an Arch Wizard corpse,大巫师尸体
actor_data.corpse_name_a.cultist_priest,a Cultist Priest corpse,邪教祭司尸体
actor_data.corpse_name_a.cultist_wizard,a Wizard corpse,巫师尸体
actor_data.corpse_name_a.dean_halsey,the corpse of Dean Halsey,哈尔西院长的尸体
actor_data.corpse_name_a.deep_one,a corpse of a Deep One,深潜者的尸体
actor_data.corpse_name_a.failed_reanimation,a lifeless gruesome corpse,没有生命的狰狞尸体
actor_data.corpse_name_a.floating_skull,a Skull,骷髅头
actor_data.corpse_name_a.flying_polyp,a dead Polyp,死去的水螅体
actor_data.corpse_name_a.ghoul,a Ghoul corpse,食尸鬼尸体
actor_data.corpse_name_a.giant_bat,a Giant Bat corpse,巨蝠尸体
actor_data.corpse_name_a.giant_mantis,a Giant Mantis corpse,巨螳螂尸体
actor_data.corpse_name_a.glasuu,a Gla'Suu corpse,格拉苏尸体
actor_data.corpse_name_a.greater_polyp,a dead Polyp,死去的水螅体
actor_data.corpse_name_a.green_spider,a Green Spider corpse,绿蜘蛛尸体
actor_data.corpse_name_a.high_priest_guard_ghoul,the corpse of Vrka,弗尔卡的尸体
actor_data.corpse_name_a.high_priest_guard_rogue,the corpse of Uraga,乌拉加的尸体
actor_data.corpse_name_a.high_priest_guard_war_vet,the corpse of Balastha,巴拉斯塔的尸体
actor_data.corpse_name_a.hunting_horror,a Hunting Horror corpse,猎怖尸体
actor_data.corpse_name_a.keziah_mason,the corpse of Keziah Mason,凯齐娅·梅森的尸体
actor_data.corpse_name_a.khephren,the lifeless Mummy of Khephren,卡夫拉那没有生命的木乃伊
actor_data.corpse_name_a.leng_doomweaver,a Leng Doomweaver corpse,冷原织厄者尸体
actor_data.corpse_name_a.leng_matriarch,a Leng Matriarch corpse,冷原主母尸体
actor_data.corpse_name_a.leng_spider,a Leng Spider corpse,冷原蜘蛛尸体
actor_data.corpse_name_a.leviathan,the corpse of Leviathan,利维坦的尸体
actor_data.corpse_name_a.locust,a Giant Locust corpse,巨型蝗虫尸体
actor_data.corpse_name_a.major_clapham_lee,the corpse of Major Clapham-Lee,克拉珀姆-李少校的尸体
actor_data.corpse_name_a.mi_go,a Mi-Go corpse,米戈尸体
actor_data.corpse_name_a.mi_go_bio_engineer,a Mi-Go corpse,米戈尸体
actor_data.corpse_name_a.mi_go_commander,a Mi-Go corpse,米戈尸体
actor_data.corpse_name_a.mi_go_omega_sentinel,a Mi-Go corpse,米戈尸体
actor_data.corpse_name_a.mind_leech,a Mind Leech corpse,心智水蛭尸体
actor_data.corpse_name_a.mummy,a lifeless Mummy,没有生命的木乃伊
actor_data.corpse_name_a.niduza,the corpse of Niduza,尼杜扎的尸体
actor_data.corpse_name_a.nitokris,the lifeless Mummy of Nitokris,尼托克丽丝那没有生命的木乃伊
actor_data.corpse_name_a.pickman,the corpse of Richard Upton Pickman,理查德·厄普顿·皮克曼的尸体
actor_data.corpse_name_a.pit_viper,a Pit Viper corpse,坑蝰尸体
actor_data.corpse_name_a.primordial_worm,a dead Primordial Worm,死去的原初蠕虫
actor_data.corpse_name_a.rat,a Rat corpse,老鼠尸体
actor_data.corpse_name_a.rat_thing,a Rat-thing corpse,鼠怪尸体
actor_data.corpse_name_a.raven,a Raven carcass,渡鸦尸骸
actor_data.corpse_name_a.red_spider,a Red Spider corpse,红蜘蛛尸体
actor_data.corpse_name_a.sentry_drone,a broken Sentry Drone,损坏的哨戒无人机
actor_data.corpse_name_a.shapeshifter,a Shapeshifter corpse,变形者尸体
actor_data.corpse_name_a.spitting_cobra,a Spitting Cobra corpse,喷毒眼镜蛇尸体
actor_data.corpse_name_a.transcendent_rat,a Rat corpse,老鼠尸体
actor_data.corpse_name_a.troglodyte,a Troglodyte corpse,穴居人尸体
actor_data.corpse_name_a.vampire_bat,a Vampire Bat corpse,吸血蝙蝠尸体
actor_data.corpse_name_a.white_spider,a White Spider corpse,白蜘蛛尸体
actor_data.corpse_name_a.winged_zombie,a lifeless gruesome corpse,没有生命的狰狞尸体
actor_data.corpse_name_a.wolf,a Wolf carcass,狼尸骸
actor_data.corpse_name_a.zealot,a Zealot corpse,狂信徒尸体
actor_data.corpse_name_a.zombie,a lifeless gruesome corpse,没有生命的狰狞尸体
actor_data.corpse_name_a.zuul,the corpse of Zuul the Gatekeeper,守门者祖尔的尸体
actor_data.corpse_name_the.abaxu,the corpse of Abaxu,阿巴克苏的尸体
actor_data.corpse_name_the.abyssal_troglodyte,the Abyssal Troglodyte corpse,深渊穴居人的尸体
actor_data.corpse_name_the.ape,the Ape corpse,猿尸
actor_data.corpse_name_the.black_mamba,the Black Mamba corpse,黑曼巴尸体
actor_data.corpse_name_the.black_phillip,the carcass of Black Phillip,黑菲利普的尸骸
actor_data.corpse_name_the.bloated_zombie,the huge gruesome corpse,巨大的狰狞尸体
actor_data.corpse_name_the.bog_tcher,the Bog Tcher corpse,博格彻的尸体
actor_data.corpse_name_the.brown_jenkin,the corpse of Brown Jenkin,布朗·詹金的尸体
actor_data.corpse_name_the.byakhee,the Byakhee corpse,拜亚基的尸体
actor_data.corpse_name_the.chthonian,the Chthonian corpse,地底巨蠕兽的尸体
actor_data.corpse_name_the.croc_head_mummy,the lifeless Mummy,没有生命的木乃伊
actor_data.corpse_name_the.cultist,the Cultist corpse,邪教徒尸体
actor_data.corpse_name_the.cultist_arch_wizard,the Arch Wizard corpse,大巫师尸体
actor_data.corpse_name_the.cultist_priest,the Cultist Priest corpse,邪教祭司尸体
actor_data.corpse_name_the.cultist_wizard,the Wizard corpse,巫师尸体
actor_data.corpse_name_the.dean_halsey,the corpse of Dean Halsey,哈尔西院长的尸体
actor_data.corpse_name_the.deep_one,the corpse of a Deep One,深潜者的尸体
actor_data.corpse_name_the.failed_reanimation,the lifeless gruesome corpse,没有生命的狰狞尸体
actor_data.corpse_name_the.floating_skull,the Skull,骷髅头
actor_data.corpse_name_the.flying_polyp,the dead Polyp,死去的水螅体
actor_data.corpse_name_the.ghoul,the Ghoul corpse,食尸鬼尸体
actor_data.corpse_name_the.giant_bat,the Giant Bat corpse,巨蝠尸体
actor_data.corpse_name_the.giant_mantis,the Giant Mantis corpse,巨螳螂尸体
actor_data.corpse_name_the.glasuu,the Gla'Suu corpse,格拉苏尸体
actor_data.corpse_name_the.greater_polyp,the dead Polyp,死去的水螅体
actor_data.corpse_name_the.green_spider,the Green Spider corpse,绿蜘蛛尸体
actor_data.corpse_name_the.high_priest_guard_ghoul,the corpse of Vrka,弗尔卡的尸体
actor_data.corpse_name_the.high_priest_guard_rogue,the corpse of Uraga,乌拉加的尸体
actor_data.corpse_name_the.high_priest_guard_war_vet,the corpse of Balastha,巴拉斯塔的尸体
actor_data.corpse_name_the.hunting_horror,the Hunting Horror corpse,猎怖尸体
actor_data.corpse_name_the.keziah_mason,the corpse of Keziah Mason,凯齐娅·梅森的尸体
actor_data.corpse_name_the.khephren,the lifeless Mummy of Khephren,卡夫拉那没有生命的木乃伊
actor_data.corpse_name_the.leng_doomweaver,the Leng Doomweaver corpse,冷原织厄者尸体
actor_data.corpse_name_the.leng_matriarch,the Leng Matriarch corpse,冷原主母尸体
actor_data.corpse_name_the.leng_spider,the Leng Spider corpse,冷原蜘蛛尸体
actor_data.corpse_name_the.leviathan,the corpse of Leviathan,利维坦的尸体
actor_data.corpse_name_the.locust,the Giant Locust corpse,巨型蝗虫尸体
actor_data.corpse_name_the.major_clapham_lee,the corpse of Major Clapham-Lee,克拉珀姆-李少校的尸体
actor_data.corpse_name_the.mi_go,the Mi-Go corpse,米戈尸体
actor_data.corpse_name_the.mi_go_bio_engineer,the Mi-Go corpse,米戈尸体
actor_data.corpse_name_the.mi_go_commander,the Mi-Go corpse,米戈尸体
actor_data.corpse_name_the.mi_go_omega_sentinel,the Mi-Go corpse,米戈尸体
actor_data.corpse_name_the.mind_leech,the Mind Leech corpse,心智水蛭尸体
actor_data.corpse_name_the.mummy,the lifeless Mummy,没有生命的木乃伊
actor_data.corpse_name_the.niduza,the corpse of Niduza,尼杜扎的尸体
actor_data.corpse_name_the.nitokris,the lifeless Mummy of Nitokris,尼托克丽丝那没有生命的木乃伊
actor_data.corpse_name_the.pickman,the corpse of Richard Upton Pickman,理查德·厄普顿·皮克曼的尸体
actor_data.corpse_name_the.pit_viper,the Pit Viper corpse,坑蝰尸体
actor_data.corpse_name_the.primordial_worm,the dead Primordial Worm,死去的原初蠕虫
actor_data.corpse_name_the.rat,the Rat corpse,老鼠尸体
actor_data.corpse_name_the.rat_thing,the Rat-thing corpse,鼠怪尸体
actor_data.corpse_name_the.raven,the Raven carcass,渡鸦尸骸
actor_data.corpse_name_the.red_spider,the Red Spider corpse,红蜘蛛尸体
actor_data.corpse_name_the.sentry_drone,the broken Sentry Drone,损坏的哨戒无人机
actor_data.corpse_name_the.shapeshifter,the Shapeshifter corpse,变形者尸体
actor_data.corpse_name_the.spitting_cobra,the Spitting Cobra corpse,喷毒眼镜蛇尸体
actor_data.corpse_name_the.transcendent_rat,the Rat corpse,老鼠尸体
actor_data.corpse_name_the.troglodyte,the Troglodyte corpse,穴居人尸体
actor_data.corpse_name_the.vampire_bat,the Vampire Bat corpse,吸血蝙蝠尸体
actor_data.corpse_name_the.white_spider,the White Spider corpse,白蜘蛛尸体
actor_data.corpse_name_the.winged_zombie,the lifeless gruesome corpse,没有生命的狰狞尸体
actor_data.corpse_name_the.wolf,the Wolf carcass,狼尸骸
actor_data.corpse_name_the.zealot,the Zealot corpse,狂信徒尸体
actor_data.corpse_name_the.zombie,the lifeless gruesome corpse,没有生命的狰狞尸体
actor_data.corpse_name_the.zuul,the corpse of Zuul the Gatekeeper,守门者祖尔的尸体
actor_data.death.clear_mold,is destroyed.,被摧毁。
actor_data.death.ghastly_light,fades out.,渐渐熄灭。
actor_data.death.ghost,is put to rest.,得以安息。
actor_data.death.mirror_image,fades.,渐渐消散。
actor_data.death.mold,is destroyed.,被摧毁。
actor_data.death.mold_halluc,is destroyed.,被摧毁。
actor_data.death.ooze_lurking,disintegrates.,崩解。
actor_data.death.ooze_poison,disintegrates.,崩解。
actor_data.death.ooze_putrid,disintegrates.,崩解。
actor_data.death.shadow,fades.,渐渐消散。
actor_data.death.strange_color,disintegrates.,崩解。
actor_data.death.tentacle_cluster,is destroyed.,被摧毁。
actor_data.death.warping_aberrance,is destroyed.,被摧毁。
actor_data.death.wraith,is put to rest.,得以安息。
actor_data.death.zuul,vanishes...,消失了……
actor_data.description.abaxu,"A colossal white bat, spoken of in ancient traditions as ""Abaxu the Destroyer"" (or a variation thereof). It has eternal life, which it sustains by feeding on other creatures - allegedly including human sacrifice. This has surely given rise to certain vampire myths over the years.",一只巨大的白色蝙蝠，在古老传说中被称为“毁灭者阿巴克苏”（或类似称呼）。它拥有永恒的生命，并靠吞食其他生物来维系，据说其中也包括人类祭品。多年来，这无疑催生了若干吸血鬼传说。
actor_data.description.abyssal_troglodyte,"This sub-species has adapted to thriving in particularly deep environments where very little light reaches. They are even more fierce than their counterparts who dwell closer to the surface. Their mouths are set with rows of serrated teeth, well-adapted for cutting through flesh. However, they are cowardly opportunistic creatures, prefering to stalk lonely prey that they perceive as an easy target - when met with violence, they will usually retreat, at least for a moment.",这一亚种已经适应了在几乎没有光线抵达的极深环境中繁衍生息。它们比那些住在较近地表处的同类更加凶猛。它们口中排列着锯齿般的牙列，非常适合切割血肉。然而它们是胆怯的机会主义生物，偏好潜伏跟踪那些被视为容易下手的孤单猎物；一旦遭遇暴力反抗，通常会退却，至少会暂时退开。
actor_data.description.air_beast,"Rushed from storm and cloud by nefarious wizardry, it has been endowed with animation in the form of a dreadful beast. Its breath exhales bolts of lightning.",邪恶巫术从风暴与云层中卷出它，并赋予其可怖野兽的活动形态。它的吐息喷出闪电。
actor_data.description.air_hound,"Rushed from storm and cloud by nefarious wizardry, it has been endowed with animation in the form of a dreadful hound. Its breath exhales bolts of lightning.",邪恶巫术从风暴与云层中卷出它，并赋予其可怖猎犬的活动形态。它的吐息喷出闪电。
actor_data.description.ape,An extremely aggressive species of great ape. Their pale skin and excellent night vision indicates that they adapted to subterranean life a very long time ago.,一种极端凶暴的大型猿类。苍白的皮肤和出色的夜视能力表明，它们在很久以前便已适应地下生活。
actor_data.description.black_mamba,"A fierce predator. It hisses menacingly, and venom drips from its fangs.",凶猛的掠食者。它威胁地嘶嘶作响，毒液从尖牙滴落。
actor_data.description.black_phillip,"Black Phillip is a malevolent goat of immense size, exuding a sinister aura. Its fur is as dark as coal, and its eyes shimmer with an eerie, otherworldly light. Despite its large size, Black Phillip's movements are quick and fluid, enabling it to lunge at its prey with deadly accuracy. The creature seems to take pleasure in using its formidable horns to bludgeon unsuspecting victims. Black Phillip is believed to be a manifestation of the devil himself.",黑菲利普是一头体型巨大的恶毒山羊，散发着阴森的气息。它的毛色漆黑如煤，眼中闪烁着怪异的异界光芒。尽管体型庞大，黑菲利普的动作却迅捷流畅，能以致命的精准扑向猎物。此物似乎乐于用可怕的角重击毫无防备的受害者。人们相信黑菲利普是恶魔本身的化身。
actor_data.description.bloated_zombie,"A walking cadaver of towering proportions, it seems to have had the skin of countless other bodies poorly sewn over that of its own. Festering wounds on its hulk continually disgorge a putrid liquid.",一具高大得骇人的行走尸骸，仿佛把无数其他尸体的皮肤粗劣地缝在自己身上。它庞大的身躯上溃烂伤口不断流出腐臭液体。
actor_data.description.bog_tcher,"A vile dwarfish creature, clad in coarse brown robes. It has a cruel grin on its pale face, and its eyes are gleaming with hatred. The Bog Tcher are mechanically inclined, which they put to use by crafting sadistic weapons and traps. Their favored weapon is their ""spike gun"", which can pin the target against solid objects for prolonged suffering.",一种卑劣的矮小生物，披着粗糙的棕色长袍。苍白脸上挂着残忍的笑容，眼睛闪烁着仇恨。博格彻擅长机械，它们将这种本领用于制造残虐的武器和陷阱。它们偏爱的武器是“尖钉枪”，能将目标钉在坚固物体上，使其长久受苦。
actor_data.description.brown_jenkin,"This man-rodent beast slinks through cracks in the church's walls and pounces on its victims, raking at their flesh with its undeveloped limbs. Being the black matron's mongrel of choice, it titters senselessly whenever it feasts on her blood.",这只半人半鼠的野兽沿着教堂墙缝潜行，扑向受害者，用发育不全的肢体撕挠血肉。作为黑色女主母偏爱的杂种，它每次啜饮她的黑血时，都会毫无理智地窃笑。
actor_data.description.byakhee,"""There flapped rhythmically a horde of tame, trained, hybrid winged things... not altogether crows, nor moles, nor buzzards, nor ants, nor decomposed human beings, but something I cannot and must not recall.""-H.P. Lovecraft, ""The Festival"".",“一群温顺、受训、混种的有翼之物有节奏地拍动着翅膀……既不完全像乌鸦，也不像鼹鼠、秃鹰、蚂蚁或腐烂的人类，而是某种我不能也不愿回忆的东西。”——H.P. 洛夫克拉夫特，《节日》。
actor_data.description.chthonian,"It resembles an immense squid, with reaching, groping tentacles, and a pulpy, elongated sack of a body. Chthonians are powerful burrowers, and live for more than a thousand years.",它像一只庞大的乌贼，伸出摸索的触手，身体则是柔软而细长的袋囊。地底巨蠕兽是强大的掘地者，寿命超过千年。
actor_data.description.clear_mold,"A sickly growth thriving in damp areas. It produces toxic spores which it stores in its slimy heads. Almost invisible to the naked eye, it spreads like a creeping pestilence.",一种在潮湿地带繁盛的病态增生物。它会产生毒性孢子，并将其储存在黏滑的头部。肉眼几乎不可见，却像蔓延的瘟疫般扩散。
actor_data.description.corpse_mound,"Stitched together from a grotesque patchwork of decaying flesh, this enormous form looms like a nightmarish sentinel. Immobilized by its own unfathomable bulk, it lies dormant, a testament to the macabre experiments that birthed it. Putrid fluids seep from its bloated mass, forming stagnant pools that emit a sickening stench of decay.",由腐烂血肉的怪诞拼缀缝合而成，这具庞然形体像噩梦般的哨卫般矗立。它被自身不可思议的臃肿体量固定在原地，蛰伏不动，仿佛见证了孕育它的可怖实验。腐败液体从肿胀躯体中渗出，形成散发病态腐臭的死水坑。
actor_data.description.crawling_hand,"A disembodied hand, crawling around frantically on its fingertips like a spider.",一只脱离身体的手，像蜘蛛一样用指尖疯狂爬行。
actor_data.description.croc_head_mummy,"A grotesque mummified hybrid creature, with the body of a human and the head of a crocodile. It is wielding a spear.",一具怪诞的木乃伊混种，人体之上长着鳄鱼头。它手持长矛。
actor_data.description.cultist,"A fanatic cultist of the lowest rank, madly gibbering in some half-lost language. They may occasionally have learned to cast a spell or two, although never with any great skill. Therefore they tend to rely on mundane firearms to handle threats.",最低阶的狂热邪教徒，用某种半失传的语言疯狂胡言。他们偶尔可能学会施放一两个法术，但从不精通。因此，他们往往依赖凡俗火器来处理威胁。
actor_data.description.cultist_arch_wizard,"A fanatic cultist of the Arch Wizard rank, madly gibbering in some half-lost language.",大巫师阶级的狂热邪教徒，用某种半失传的语言疯狂胡言。
actor_data.description.cultist_priest,"A fanatic cultist of the Priest rank, madly gibbering in some half-lost language.",祭司阶级的狂热邪教徒，用某种半失传的语言疯狂胡言。
actor_data.description.cultist_wizard,"A fanatic cultist of the Wizard rank, madly gibbering in some half-lost language.",巫师阶级的狂热邪教徒，用某种半失传的语言疯狂胡言。
actor_data.description.dean_halsey,"Once an influential figure at the forefront of a prestigious institution, this fetid carcass now prowls among an army of the dead.",它曾是名望机构前沿的一位有影响力人物，如今这具腐臭尸骸却在亡者大军中徘徊。
actor_data.description.death_fiend,"A living incarnation of death. With its goat-like features, it is eerily similar to the imagery of Devils and Demons seen in medieval woodcuts.",死亡的活化身。它有着山羊般的特征，诡异地类似中世纪木刻中魔鬼与恶魔的形象。
actor_data.description.deep_one,"A shambling thing which could be taken for a man were it not for its briny whiff and scaly skin. Slits on its neck emit a labored inflection, marking its struggle to gulp at breathable air. It hoists a rust-eaten spear and a net through which the thrashing remains of its last feast can be seen.",若不是那股咸腥气和覆鳞皮肤，这个蹒跚之物或许会被当成人。它颈侧裂缝发出吃力的喘音，显示它正艰难吞咽可呼吸的空气。它举着锈蚀长矛和一张网，网中可见上一顿猎物仍在抽搐的残骸。
actor_data.description.dust_vortex,A spinning force of destruction.,一股旋转的毁灭力量。
actor_data.description.earth_beast,"Forged from stone and soil by nefarious wizardry, it has been endowed with animation in the form of a dreadful beast. Its breath exhales an overwhelming density, a manifestation of pure weight and relentless impact.",邪恶巫术以石与土铸成它，并赋予其可怖野兽的活动形态。它的吐息喷出压倒性的密度，那是纯粹重量与无情冲击的显现。
actor_data.description.earth_hound,"Forged from stone and soil by nefarious wizardry, it has been endowed with animation in the form of a dreadful hound. Its breath exhales an overwhelming density, a manifestation of pure weight and relentless impact.",邪恶巫术以石与土铸成它，并赋予其可怖猎犬的活动形态。它的吐息喷出压倒性的密度，那是纯粹重量与无情冲击的显现。
actor_data.description.elder_void_traveler,"A nightmarish creature of humanoid shape. It has a hideous gangly physique and sickly pale skin. Its arms are as long as its body is tall, and it attacks with ripping claws. It can seemingly appear anywhere at any time, and can also snatch teleporting creatures from their voyage and draw them to it. This ancient individual has learned the art of spellcasting.",一种人形的噩梦生物。它体态畸长可憎，皮肤病态苍白。双臂与身高等长，以撕裂的爪击攻击。它似乎能在任何时间出现在任何地点，也能从传送旅程中攫住正在传送的生物，将其拖到自己身边。这个古老个体学会了施法技艺。
actor_data.description.energy_vortex,A spinning force of pure energy.,一股纯能量的旋转力量。
actor_data.description.failed_reanimation,"This miserable thing was a failed attempt at the reanimation of dead flesh. Perhaps necrosis had advanced too far before the process started, or this was a wild experiment performed by one who lacked proper knowledge of the principles involved. It lumbers about aimlessly with a vacant expression, which gives it something of a calm appearance - although the twitch in its clawed fingers is something to be wary of.",这个可悲之物是复活动死肉的失败尝试。也许在过程开始前坏死已经推进太远，或许这只是某个缺乏相关原理知识者进行的狂野实验。它神情空洞地漫无目的蹒跚而行，因此显得有几分平静；然而它爪状手指的抽搐仍值得警惕。
actor_data.description.fire_beast,"Erupted from embers and ashes by nefarious wizardry, it has been endowed with animation in the form of a dreadful beast. Its breath exhales searing flames.",邪恶巫术从余烬与灰烬中爆燃出它，并赋予其可怖野兽的活动形态。它的吐息喷出灼热火焰。
actor_data.description.fire_hound,"Erupted from embers and ashes by nefarious wizardry, it has been endowed with animation in the form of a dreadful hound. Its breath exhales searing flames.",邪恶巫术从余烬与灰烬中爆燃出它，并赋予其可怖猎犬的活动形态。它的吐息喷出灼热火焰。
actor_data.description.fire_vortex,A spinning force of fire and destruction.,一股火焰与毁灭的旋转力量。
actor_data.description.floating_skull,A severed head floating through the air.,一颗在空中漂浮的断头。
actor_data.description.flying_polyp,"Flying polyps are a horrible elder race of half polypous, utterly alien entities. They are only partly material and have the power of aerial motion, despite the absence of wings. Their senses does not include sight, but what senses they have can penetrate all material obstructions. They are invulnerable to normal means of damage, though they can be destroyed by certain forms of electrical energy.",飞天水螅体是可怖的古老种族，半水螅状，彻底异质。它们只有部分物质形态，虽无翅膀却拥有空中运动能力。它们的感官并不包括视觉，但它们拥有的感官能够穿透一切物质阻碍。它们不受普通伤害影响，不过某些形式的电能可以摧毁它们。
actor_data.description.gas_spore,"A vaguely intelligent floating fungus-based organism. It contains a highly explosive gas and will detonate very easily, which it seems to desire.",一种略有智能、以真菌为基础的漂浮生物。它含有高度爆炸性的气体，极易引爆，而且它似乎正渴望如此。
actor_data.description.ghastly_light,"The freezing radiance emanating from this dancing flame provides no sense of comfort whatsoever - gazing upon it is disturbing to the very soul, and fills one with bitter hatred.",这团跃动火焰散发的冰冷辉光丝毫不能带来慰藉；凝视它会扰动灵魂深处，并使人充满苦涩仇恨。
actor_data.description.ghost,A restless spirit.,不安息的灵魂。
actor_data.description.ghoul,"A gaunt, bipedal predator bearing canine features. Dried blood mottles its snout and its claws are filthy with sodden earth and chunks of flesh.",一种瘦削的双足掠食者，带有犬类特征。干涸血迹斑驳在它的吻部，爪子沾满湿土与肉块。
actor_data.description.giant_bat,"An unknown species, perhaps stemming from some hidden bowels of the earth. It is about as tall as a full-grown human.",一种未知物种，或许来自地底某处隐秘深处。它几乎有一个成年人那么高。
actor_data.description.giant_mantis,A huge predatory insect.,一只巨大的掠食性昆虫。
actor_data.description.glasuu,"A loathsome beast hauling around a great sagging body on strained legs. Through its translucent, stretched skin the vile content of the creature's husk is clearly visible: carrion, human remains in various states of decomposition, trash, and sewage - along with other less recognizable things. Its head droops to the ground, where a tentacled mouth devours whatever filth it happens upon. It occasionally spews forth half-solid chunks of ooze, which after fermenting in the remarkable conditions of the creature's bowels, takes on a form of life of it's own - hunting for biological matter to decompose in order to feed its creator.",一种令人作呕的野兽，用紧绷的腿拖着巨大而下垂的身体。透过半透明且被撑薄的皮肤，可以清楚看见这具躯壳中的污秽内容：腐肉、各种腐烂阶段的人类残骸、垃圾、污水，以及其他更难辨认的东西。它的头垂到地面，触手状口器吞食所遇到的一切污物。它偶尔会喷出半固态的软泥块，这些东西在其肠道的奇异环境中发酵后，会获得某种自己的生命形态，猎取生物质并将其分解，以供养创造者。
actor_data.description.greater_polyp,"Flying polyps are a horrible elder race of half polypous, utterly alien entities. They are only partly material and have the power of aerial motion, despite the absence of wings. Their senses does not include sight, but what senses they have can penetrate all material obstructions. They are invulnerable to normal means of damage, though they can be destroyed by certain forms of electrical energy.",飞天水螅体是可怖的古老种族，半水螅状，彻底异质。它们只有部分物质形态，虽无翅膀却拥有空中运动能力。它们的感官并不包括视觉，但它们拥有的感官能够穿透一切物质阻碍。它们不受普通伤害影响，不过某些形式的电能可以摧毁它们。
actor_data.description.green_spider,An enormous green spider.,一只巨大的绿色蜘蛛。
actor_data.description.high_priest_guard_ghoul,"Vrka is a monstrous wolf-like creature dwelling in the High Priest's chambers, serving as a guardian.",弗尔卡是栖居在大祭司寝室中的狼形怪物，担任守卫。
actor_data.description.high_priest_guard_rogue,"Uraga is an undead master of deception and assassination, bound to guard the High Priest for all eternity.",乌拉加是不死的欺诈与暗杀大师，被束缚着永远守卫大祭司。
actor_data.description.high_priest_guard_war_vet,"Balastha is an undead master of arms and warfare, bound to guard the High Priest for all eternity. He is wielding a Tommy Gun.",巴拉斯塔是不死的武器与战争大师，被束缚着永远守卫大祭司。他手持一把汤姆森冲锋枪。
actor_data.description.hunting_horror,"A ropy, winged worm of vast size and vaporous composition. Brought forth from another plane of existence it drifts in endless search of sustenance, its maw hanging so agape it could swallow an ox whole.",一条绳索般、有翼、体型庞大且构成如烟雾的蠕虫。它被从另一存在位面召来，在无尽地寻找食粮；巨口张得如此之大，仿佛能将一头牛整只吞下。
actor_data.description.intestinal_mass,"A writhing, crawling mass of intestines.",一团扭动爬行的肠子。
actor_data.description.invis_stalker,A mysterious humanoid figure stalking for prey. It is invisible to normal eyes.,一个神秘的人形身影，潜伏猎食。普通眼睛看不见它。
actor_data.description.keziah_mason,"A shrivelled hag who croaks of deviltry and possesses knowledge beyond the ken of a sane mind. She reigns over the myriad man-rat hybrids crawling within the dungeon, humoring her most cherished like a child: not once does she deny it the black blood that flows inside her veins.",一个干瘪的老巫婆，嘎嘎谈论着魔鬼勾当，掌握着超出理智心智理解的知识。她统治着在地牢中爬行的无数人鼠混种，并像纵容孩子一样宠着自己最珍爱的那只：她从不拒绝让它饮用自己血管中流淌的黑血。
actor_data.description.khaga,"A vast, fully matured Khaga, the flight of this cryptic being conceals it from ordinary eyesight. It wails a disarmingly beautiful mantra which dissonates with the roar of the bolts it summons from its orb-like head.",一只庞大而完全成熟的卡伽；这种隐秘存在飞行时会使普通视力无法察觉它。它哀鸣出一种令人卸下戒备的美丽真言，与它从球状头部召来的雷霆轰鸣形成不谐。
actor_data.description.khaga_offspring,"Shifting in and out of sight, this creature resembles a piece of cloth sailing through the aether, seemingly folding time-space along with its dreamy soar. Atop its craned neck rests an oblong orb with which it conjures deadly bolts to heave onto any threat.",这生物时隐时现，像一块在以太中航行的布，梦幻般滑翔时似乎连同时间与空间一起折叠。它伸长的颈上顶着一颗椭圆球体，可借此召出致命雷矢投向任何威胁。
actor_data.description.khephren,The mummified fourth dynasty Egyptian pharaoh Khephren. How he came to dwell here is beyond anyone's guess.,第四王朝埃及法老卡夫拉的木乃伊。他为何会居于此处，没人能猜到。
actor_data.description.leng_doomweaver,"The webs spun by this transcendental creature are not of any mundane kind - weaving, plucking, gnawing, it taps directly into the fabric of fate, making baleful arrangements according to its ulterior whims.",这只超越凡俗的生物所织出的网绝非寻常之物；它编织、拨弄、啃噬，直接触及命运的织体，并按其隐秘恶意布置凶兆。
actor_data.description.leng_matriarch,"Ever watchful with leery eyes of insidious cunning, she fends for her brood as they stride between worlds through space and time.",她总以阴险狡黠的斜眼警戒四周，在她的族群穿越空间与时间、跨行于诸界之间时护卫它们。
actor_data.description.leng_spider,"Marred by a mass of purplish cysts, the hide of this beast has been distended to absurdity, rendering it the size of a cow. It weaves webs as quickly as it strides, and its jaws are thick with rank lather.",这野兽的皮肤被一团团紫色囊肿毁损，并膨胀到荒谬程度，使其体型如牛。它一边疾行一边迅速织网，颚间满是恶臭泡沫。
actor_data.description.leviathan,"The embodiment of chaos and terror. Its colossal body drags sickly through the vast hollows of the earth, corrupting the air with a hateful stench. By its breath it conjures the crushing waters of the deepest oceans and the wrathful thunder of the blackest storms.",混乱与恐怖的化身。它庞大的身躯病态地拖过地底空洞，以憎恨的恶臭污染空气。它以吐息召来深海最沉重的碾压之水，以及最黑风暴中的狂怒雷霆。
actor_data.description.locust,A huge swarming insect.,一只巨大的群居昆虫。
actor_data.description.major_clapham_lee,"Major Sir Eric Moreland Clapham-Lee was once a commanding officer during the Great War. Shortly after his plane was shot down, his body was stolen. Now he roams these halls as a resurrected warrior in service of the cult, commanding a squad of undead.",埃里克·莫兰德·克拉珀姆-李爵士少校曾是大战期间的一名指挥官。他的飞机被击落后不久，尸体便遭盗走。如今他作为邪教麾下的复生战士游荡于这些厅堂，指挥一队不死者。
actor_data.description.mi_go,"An amalgam of crustacean, insect and fungi whose droning voice resembles a swarm of maddened hornets. It employs an irregular set of appendages as limbs and is capable of making use of advanced technology.",一种甲壳、昆虫与真菌的混合体，嗡嗡的嗓音像一群疯狂黄蜂。它用一组不规则附肢作为肢体，并能使用先进技术。
actor_data.description.mi_go_bio_engineer,"A marvel of biological and technological symbiosis. The Mi-Go Bio Engineer harnesses intricate anatomical knowledge to remotely mend the wounds of its kin - through an intricate network of unseen tendrils, it channels healing energies, fostering rejuvenation from a distance. Cloaked in ethereal veils, it maneuvers undetected, an invaluable asset to the covert operations of the enigmatic Mi-Go.",生物与技术共生的奇迹。米戈生物工程师运用复杂的解剖知识，透过看不见的卷须网络远程修补同族创伤，将治疗能量导入其中，从远处促成再生。它披覆以太般的薄幕，无声无息地行动，是神秘米戈隐秘行动中极有价值的资产。
actor_data.description.mi_go_commander,"Part of a higher echelon of the Mi-Go, the buzz of this creature's commanding tone dims that of its insectoid wings. A protective bio-mechanical suit is fused to its carapace.",米戈更高阶层的一员；这生物命令般的嗡鸣压过了它昆虫翅膀的振声。保护性的生物机械服与它的甲壳融合在一起。
actor_data.description.mi_go_omega_sentinel,"The Omega Sentinel, a dreadful creation of the Mi-Go, stands as a testament to their technological mastery. Its chitinous form melds organic and mechanical elements seamlessly, emanating an aura of awe-inspiring terror. Armed with a devastating weapon, it guards the hidden operations of the Mi-Go with unwavering resolve.",欧米伽哨兵是米戈制造的可怖造物，证明了它们的技术造诣。它的几丁质形体将有机与机械元素无缝融合，散发令人敬畏的恐怖气息。它配备毁灭性武器，以坚定不移的决心守卫米戈隐秘行动。
actor_data.description.mind_leech,"A tentacled otherwordly creature, mysteriously floating through the air in a ghostly manner. They somehow sustain themselves on the brain activity of other beings. This will usually not kill the victim, but the experience is horrific beyond words. They only feed on sound minds however - a strange or chaotic mind will cause them great distress.",一种长着触手的异界生物，以幽灵般的方式神秘地漂浮在空中。它们似乎靠其他生物的脑活动维生。这通常不会杀死受害者，但体验恐怖得难以言说。然而它们只以健全心智为食，怪异或混乱的心智会使它们极度痛苦。
actor_data.description.mind_worm,A predacious worm about the size of an adult human's arm. Its bite causes heavy disorientation in the victim.,一种掠食性蠕虫，约有成年人手臂大小。它的咬击会使受害者严重迷乱。
actor_data.description.mirror_image,A living doppelganger of myself.,我自己的活体分身。
actor_data.description.mold,A sickly growth thriving in damp areas. It produces toxic spores which it stores in its slimy heads.,一种在潮湿地带繁盛的病态增生物。它会产生毒性孢子，并将其储存在黏滑的头部。
actor_data.description.mold_halluc,A sickly growth thriving in damp areas. The toxic spores of this particular species are strongly hallucinogenic.,一种在潮湿地带繁盛的病态增生物。此特定种类的毒性孢子具有强烈致幻性。
actor_data.description.mummy,"A mummified human being, possibly dating back millennia.",一具木乃伊化的人类，可能可追溯到数千年前。
actor_data.description.niduza,"A deacon for the deep-sea folk, this damnable shaman commands sorcery that backs its kin and wracks its foes. It is coated in copper scales which boast of majesty, and disdain is innate to its cold glare.",深海族民的执事，这可憎的萨满支配着既能援护同族又能折磨敌人的巫术。它覆满象征威严的铜色鳞片，冰冷目光中天生含着轻蔑。
actor_data.description.nitokris,"The mummified sixth dynasty Egyptian pharaoh Nitokris. How she came to dwell here is beyond anyone's guess. Her name is found in the histories of Herodotus and writings of Manetho. According to the writings of the former, she took the throne by inviting her brother's murderers to a banquet. Then killed them by flooding the sealed room with the Nile.",第六王朝埃及法老尼托克丽丝的木乃伊。她为何会居于此处，没人能猜到。她的名字见于希罗多德的史书与曼涅托的著作。按前者记载，她登上王位后邀请谋杀她兄弟的人赴宴，然后以尼罗河水灌满封闭房间，将他们杀死。
actor_data.description.ooze_lurking,"A product of all that has festered in forgotten vaults for untold ages. It exudes a mephitic cloud stemming from the unknown chemical processes that are constantly occurring within it. This species has developed a trait that allows it to mimic the colors of its surroundings, rendering it nearly invisible to its prey.",它是遗忘墓穴中无数年代以来一切腐败物的产物。它散发出一团臭毒云雾，源自体内持续发生的未知化学过程。这个种类发展出一种特性，能够模拟周遭颜色，使自己在猎物面前近乎隐形。
actor_data.description.ooze_poison,A product of all that has festered in forgotten vaults for untold ages. It exudes a mephitic cloud stemming from the unknown chemical processes that are constantly occurring within it. The alarmingly green hue of this particular specimen indicates its utter venomousness.,它是遗忘墓穴中无数年代以来一切腐败物的产物。它散发出一团臭毒云雾，源自体内持续发生的未知化学过程。这个样本令人警觉的绿色色泽表明它剧毒无比。
actor_data.description.ooze_putrid,"A product of all that has festered in forgotten vaults for untold ages. It exudes a mephitic cloud stemming from the unknown chemical processes that are constantly occurring within it. A malodorous broth of purulence bubbles about its nucleus, indicating it is ridden with disease.",它是遗忘墓穴中无数年代以来一切腐败物的产物。它散发出一团臭毒云雾，源自体内持续发生的未知化学过程。一锅恶臭的脓液在其核心周围翻泡，显示它满载疾病。
actor_data.description.pickman,"Once a renowned painter, notorious for his ability to depict hauntingly photorealistic scenes of demonic creatures. Now he himself seems to be fully transformed into the likeness of those creatures he used to portray.",他曾是一位著名画家，因能描绘出令人毛骨悚然、近乎照片般真实的恶魔生物场景而臭名昭著。如今他本人似乎已经完全转化成了那些他过去描绘之物的样貌。
actor_data.description.pit_viper,"A fierce predator. It hisses menacingly, and venom drips from its fangs.",凶猛的掠食者。它威胁地嘶嘶作响，毒液从尖牙滴落。
actor_data.description.primordial_worm,"This living fossil appears to have crept unchanged from the dawn of time through untold millions of years. Both a predator and a scavenger, it bites and tears with voracious jaws.",这活化石似乎自时间黎明起便未经改变地爬过了无数千万年。它既是掠食者也是食腐者，用贪婪的颚咬噬撕裂。
actor_data.description.rat,A large aggressive rodent.,一种体型较大且富有攻击性的啮齿动物。
actor_data.description.rat_thing,"A malformed cross of rat and man, birthed from witchcraft. It has a warped human face and vestigial hands for forepaws.",由巫术孕育出的畸形鼠人与人鼠混种。它有一张扭曲的人脸，前爪上长着退化的手。
actor_data.description.raven,A vicious black bird.,一只凶狠的黑鸟。
actor_data.description.red_spider,An enormous red spider.,一只巨大的红色蜘蛛。
actor_data.description.sentry_drone,"An infernal piece of technology, seemingly designed to serve as a sort of guard. It hovers around, searching the area for interlopers to blast on sight. It appears to have some organic parts, and may even be a conscious living being.",一件地狱般的技术造物，似乎被设计成某种守卫。它四处悬浮，搜寻区域内的闯入者并当场轰击。它似乎含有某些有机部件，甚至可能是一个有意识的活物。
actor_data.description.shadow,A living shadow.,活着的阴影。
actor_data.description.shadow_spider,"A faint shadow of a huge spider, lurking in the periphery.",一只巨蜘蛛的淡薄影子，潜伏在视野边缘。
actor_data.description.shapeshifter,A gelatinous worm which contorts and mutates itself into different beings. Destroying the mutated form will revert the creature back to its original shape.,一种胶质蠕虫，会扭曲并突变成不同生物。摧毁其变异形态会使它恢复原本形状。
actor_data.description.spitting_cobra,"A fierce predator. It hisses menacingly, and venom drips from its fangs.",凶猛的掠食者。它威胁地嘶嘶作响，毒液从尖牙滴落。
actor_data.description.strange_color,"A peculiar floating speck of strange shifting colors. It is very confusing to look at. Wherever they pass, they corrupt the environment around them. They are invulnerable to attacks from common materials like iron or steel, but can be destroyed by other forms of damage, such as fire or electricity.",一颗奇特的漂浮斑点，闪烁着不断变幻的怪异色彩。看着它会令人非常困惑。它们所经之处会腐化周遭环境。它们不受铁或钢等普通材料攻击影响，但可以被其他形式的伤害摧毁，例如火焰或电力。
actor_data.description.tentacle_cluster,An array of writhing tentacles sprouting up from the ground.,一簇从地面冒出的扭动触手。
actor_data.description.the_high_priest,"The Supreme Wizard of the Cult of Starry Wisdom. He appears incredibly old, like a hideous ancient vampire or a grim reaper. Tattered crimson robes flow from his skeletal frame, his bony fingers extends into razor sharp claws, and he has a grim expression on his face.",星之智慧教团的至高巫师。他看起来极其苍老，像丑恶的古代吸血鬼或阴森死神。破烂的绯红长袍从骷髅般的身架上垂下，嶙峋手指延伸成剃刀般锋利的爪，脸上带着阴沉神情。
actor_data.description.thing,"A particularly nasty disembodied hand, crawling around frantically on its fingertips like a spider. Beware of the Thing.",一只格外恶毒的脱体手，像蜘蛛一样用指尖疯狂爬行。小心那东西。
actor_data.description.transcendent_rat,A large aggressive rodent.,一种体型较大且富有攻击性的啮齿动物。
actor_data.description.troglodyte,"A small cave-dwelling humanoid. Their mouths are set with rows of serrated teeth, well-adapted for cutting through flesh. However, they are cowardly opportunistic creatures, preferring to stalk lonely prey that they perceive as an easy target - when met with violence, they will usually retreat, at least for a moment.",一种小型穴居类人。它们口中排列着锯齿状牙列，非常适合切割血肉。然而它们是怯懦的机会主义生物，偏好潜伏跟踪那些被视为容易下手的孤单猎物；一旦遭遇暴力反抗，通常会退却，至少会暂时退开。
actor_data.description.vampire_bat,"An unknown species, perhaps stemming from some hidden bowels of the earth. It is about as tall as a full-grown human. Its attack drains health from the victim.",一种未知物种，或许来自地底某处隐秘深处。它几乎有一个成年人那么高。它的攻击会吸取受害者的生命。
actor_data.description.void_traveler,"A nightmarish creature of humanoid shape. It has a hideous gangly physique and sickly pale skin. Its arms are as long as its body is tall, and it attacks with ripping claws. It can seemingly appear anywhere at any time, and can also snatch teleporting creatures from their voyage and draw them to it.",一种人形的噩梦生物。它体态畸长可憎，皮肤病态苍白。双臂与身高等长，以撕裂的爪击攻击。它似乎能在任何时间出现在任何地点，也能从传送旅程中攫住正在传送的生物，将其拖到自己身边。
actor_data.description.warping_aberrance,"An otherworldly life form, akin to a macroscopic amoeba. It disrupts physical space around it, likely an effect of its dissonance with any other cosmos than its own.",一种异界生命体，类似肉眼可见大小的变形虫。它会扰乱周围的物理空间，这很可能是它与自身宇宙之外任何宇宙不协调所造成的效果。
actor_data.description.water_beast,"Poured from brine and maelstrom by nefarious wizardry, it has been endowed with animation in the form of a dreadful beast. Its breath exhales the chaos of primordial waters.",邪恶巫术从咸水与漩涡中倾倒出它，并赋予其可怖野兽的活动形态。它的吐息喷出原初水域的混沌。
actor_data.description.water_hound,"Poured from brine and maelstrom by nefarious wizardry, it has been endowed with animation in the form of a dreadful hound. Its breath exhales the chaos of primordial waters.",邪恶巫术从咸水与漩涡中倾倒出它，并赋予其可怖猎犬的活动形态。它的吐息喷出原初水域的混沌。
actor_data.description.white_spider,An enormous white spider.,一只巨大的白色蜘蛛。
actor_data.description.winged_zombie,"This former corpse has been granted a twisted gift of wings, resembling those of a monstrous bat. Awkward and ungainly in its newfound aerial ability, it navigates the air with unsteady movements. Despite its diminished agility and imprecise strikes, this abomination remains a formidable threat, driven by an insatiable hunger for the living.",这具旧尸体获得了一份扭曲的翅膀礼物，形似怪物蝙蝠之翼。它新得的空中能力笨拙而不灵便，在空中摇晃穿行。尽管敏捷不足、攻击也不够精准，这个憎恶之物仍是强大威胁，受着对活物无尽饥饿的驱使。
actor_data.description.wolf,A large wolf with eyes full of cunning.,一头眼中满是狡黠的大狼。
actor_data.description.worm_mass,A slithering conglomeration of carnivorous worms.,一团滑行的食肉蠕虫聚合体。
actor_data.description.wraith,A powerful spirit.,一个强大的灵体。
actor_data.description.zealot,"Beckoned by The Thousand-Faced Moon into laying its mind bare for the occult, the psyche of this hierophant was ravaged by scores of entities from fiendish realities. They had it gouge out its eyes and tongue, and left it a husk of former humanity. Now it lumbers about aimlessly, brandishing a spiked mace with which it flays itself in mockery of physical anguish.",千面之月召唤这位祭司将心智赤裸献给秘术，随后来自恶毒现实的无数实体蹂躏了他的精神。它们让他挖出自己的眼睛和舌头，只留下昔日人性的空壳。如今他漫无目的地蹒跚，挥舞一柄带刺钉头锤，并以它抽打自己，嘲弄肉体痛苦。
actor_data.description.zombie,This rotting thing appears to have been brought back to life through some abominable process. It has grown sharp claws to attack with.,这具腐烂之物似乎通过某种可憎过程被带回了生命。它长出了用于攻击的锋利爪子。
actor_data.description.zuul,"Zuul the Gatekeeper of Gozer is a demigod and minion of Gozer. It was worshiped by the Sumerians and Hittites in 6000 BC, along with Gozer.",守门者祖尔是戈泽尔的半神与爪牙。它与戈泽尔一同在公元前6000年受到苏美尔人与赫梯人的崇拜。
actor_data.name_a.abaxu,Abaxu the Destroyer,毁灭者阿巴克苏
actor_data.name_a.abyssal_troglodyte,an Abyssal Troglodyte,深渊穴居人
actor_data.name_a.air_beast,an Air Beast,风兽
actor_data.name_a.air_hound,an Air Hound,风猎犬
actor_data.name_a.ape,a Carnivorous Ape,食肉猿
actor_data.name_a.black_mamba,a Black Mamba,黑曼巴
actor_data.name_a.black_phillip,Black Phillip,黑菲利普
actor_data.name_a.bloated_zombie,a Bloated Corpse,臃肿尸体
actor_data.name_a.bog_tcher,a Bog Tcher,博格彻
actor_data.name_a.brown_jenkin,Brown Jenkin,布朗·詹金
actor_data.name_a.byakhee,a Byakhee,拜亚基
actor_data.name_a.chthonian,a Chthonian,地底巨蠕兽
actor_data.name_a.clear_mold,Clear Mold,透明霉菌
actor_data.name_a.corpse_mound,a Corpse Mound,尸丘
actor_data.name_a.crawling_hand,a Crawling Hand,爬行手
actor_data.name_a.croc_head_mummy,a Crocodile Head Mummy,鳄首木乃伊
actor_data.name_a.cultist,a Cultist,邪教徒
actor_data.name_a.cultist_arch_wizard,an Arch Wizard,大巫师
actor_data.name_a.cultist_priest,a Cultist Priest,邪教祭司
actor_data.name_a.cultist_wizard,a Wizard,巫师
actor_data.name_a.dean_halsey,Dean Halsey,哈尔西院长
actor_data.name_a.death_fiend,a Death Fiend,死亡恶魔
actor_data.name_a.deep_one,a Deep One,深潜者
actor_data.name_a.dust_vortex,a Dust Vortex,尘旋
actor_data.name_a.earth_beast,an Earth Beast,土兽
actor_data.name_a.earth_hound,an Earth Hound,土猎犬
actor_data.name_a.elder_void_traveler,an Elder Void Traveler,古老虚空旅者
actor_data.name_a.energy_vortex,an Energy Vortex,能量旋涡
actor_data.name_a.failed_reanimation,a Failed Reanimation,失败复生体
actor_data.name_a.fire_beast,a Fire Beast,火兽
actor_data.name_a.fire_hound,a Fire Hound,火猎犬
actor_data.name_a.fire_vortex,a Fire Vortex,火旋
actor_data.name_a.floating_skull,a Floating Skull,漂浮骷髅
actor_data.name_a.flying_polyp,a Flying Polyp,飞天水螅体
actor_data.name_a.gas_spore,a Gas Spore,瓦斯孢子
actor_data.name_a.ghastly_light,a Ghastly Light,骇人幽光
actor_data.name_a.ghost,a Ghost,幽灵
actor_data.name_a.ghoul,a Ghoul,食尸鬼
actor_data.name_a.giant_bat,a Giant Bat,巨蝠
actor_data.name_a.giant_mantis,a Giant Mantis,巨螳螂
actor_data.name_a.glasuu,a Gla'Suu,格拉苏
actor_data.name_a.greater_polyp,a Greater Polyp,巨型飞天水螅体
actor_data.name_a.green_spider,a Huge Green Spider,巨型绿蜘蛛
actor_data.name_a.high_priest_guard_ghoul,Vrka,弗尔卡
actor_data.name_a.high_priest_guard_rogue,Uraga,乌拉加
actor_data.name_a.high_priest_guard_war_vet,Balastha,巴拉斯塔
actor_data.name_a.hunting_horror,a Hunting Horror,猎怖
actor_data.name_a.intestinal_mass,an Intestinal Mass,肠团
actor_data.name_a.invis_stalker,an Invisible Stalker,隐形潜猎者
actor_data.name_a.keziah_mason,Keziah Mason,凯齐娅·梅森
actor_data.name_a.khaga,a Khaga,卡伽
actor_data.name_a.khaga_offspring,a Khaga Offspring,卡伽幼体
actor_data.name_a.khephren,Khephren,卡夫拉
actor_data.name_a.leng_doomweaver,a Leng Doomweaver,冷原织厄者
actor_data.name_a.leng_matriarch,a Leng Matriarch,冷原主母
actor_data.name_a.leng_spider,a Leng Spider,冷原蜘蛛
actor_data.name_a.leviathan,Leviathan,利维坦
actor_data.name_a.locust,a Giant Locust,巨型蝗虫
actor_data.name_a.major_clapham_lee,Major Clapham-Lee,克拉珀姆-李少校
actor_data.name_a.mi_go,a Mi-Go,米戈
actor_data.name_a.mi_go_bio_engineer,a Mi-Go Bio Engineer,米戈生物工程师
actor_data.name_a.mi_go_commander,a Mi-Go Commander,米戈指挥官
actor_data.name_a.mi_go_omega_sentinel,The Omega Sentinel,欧米伽哨兵
actor_data.name_a.mind_leech,a Mind Leech,心智水蛭
actor_data.name_a.mind_worm,a Mind Worm,心智蠕虫
actor_data.name_a.mirror_image,a Mirror Image,镜像
actor_data.name_a.mold,Mold,霉菌
actor_data.name_a.mold_halluc,Hallucinogenic Mold,致幻霉菌
actor_data.name_a.mummy,a Mummy,木乃伊
actor_data.name_a.niduza,Niduza,尼杜扎
actor_data.name_a.nitokris,Nitokris,尼托克丽丝
actor_data.name_a.ooze_lurking,a Lurking Ooze,潜伏软泥
actor_data.name_a.ooze_poison,a Poison Ooze,毒性软泥
actor_data.name_a.ooze_putrid,a Putrid Ooze,腐臭软泥
actor_data.name_a.pickman,Richard Upton Pickman,理查德·厄普顿·皮克曼
actor_data.name_a.pit_viper,a Pit Viper,坑蝰
actor_data.name_a.primordial_worm,a Primordial Worm,原初蠕虫
actor_data.name_a.rat,a Rat,老鼠
actor_data.name_a.rat_thing,a Rat-thing,鼠怪
actor_data.name_a.raven,a Raven,渡鸦
actor_data.name_a.red_spider,a Huge Red Spider,巨型红蜘蛛
actor_data.name_a.sentry_drone,a Sentry Drone,哨戒无人机
actor_data.name_a.shadow,a Shadow,阴影
actor_data.name_a.shadow_spider,a Shadow Spider,影蛛
actor_data.name_a.shapeshifter,a Shapeshifter,变形者
actor_data.name_a.spitting_cobra,a Spitting Cobra,喷毒眼镜蛇
actor_data.name_a.strange_color,a Strange Color,异色
actor_data.name_a.tentacle_cluster,a Tentacle Cluster,触手丛
actor_data.name_a.the_high_priest,The High Priest,大祭司
actor_data.name_a.thing,Thing,那东西
actor_data.name_a.transcendent_rat,a Rat,老鼠
actor_data.name_a.troglodyte,a Troglodyte,穴居人
actor_data.name_a.vampire_bat,a Vampire Bat,吸血蝙蝠
actor_data.name_a.void_traveler,a Void Traveler,虚空旅者
actor_data.name_a.warping_aberrance,a Warping Aberrance,扭曲畸体
actor_data.name_a.water_beast,a Water Beast,水兽
actor_data.name_a.water_hound,a Water Hound,水猎犬
actor_data.name_a.white_spider,a Huge White Spider,巨型白蜘蛛
actor_data.name_a.winged_zombie,a Winged Corpse,翼尸
actor_data.name_a.wolf,a Wolf,狼
actor_data.name_a.worm_mass,a Worm Mass,蠕虫团
actor_data.name_a.wraith,a Wraith,怨灵
actor_data.name_a.zealot,a Blinded Zealot,盲目狂信徒
actor_data.name_a.zombie,a Reanimated Corpse,复生尸体
actor_data.name_a.zuul,Zuul the Gatekeeper,守门者祖尔
actor_data.name_the.abaxu,Abaxu the Destroyer,毁灭者阿巴克苏
actor_data.name_the.abyssal_troglodyte,the Abyssal Troglodyte,深渊穴居人
actor_data.name_the.air_beast,the Air Beast,风兽
actor_data.name_the.air_hound,the Air Hound,风猎犬
actor_data.name_the.ape,the Carnivorous Ape,食肉猿
actor_data.name_the.black_mamba,the Black Mamba,黑曼巴
actor_data.name_the.black_phillip,Black Phillip,黑菲利普
actor_data.name_the.bloated_zombie,the Bloated Corpse,臃肿尸体
actor_data.name_the.bog_tcher,the Bog Tcher,博格彻
actor_data.name_the.brown_jenkin,Brown Jenkin,布朗·詹金
actor_data.name_the.byakhee,the Byakhee,拜亚基
actor_data.name_the.chthonian,the Chthonian,地底巨蠕兽
actor_data.name_the.clear_mold,the Clear Mold,透明霉菌
actor_data.name_the.corpse_mound,the Corpse Mound,尸丘
actor_data.name_the.crawling_hand,the Crawling Hand,爬行手
actor_data.name_the.croc_head_mummy,the Crocodile Head Mummy,鳄首木乃伊
actor_data.name_the.cultist,the Cultist,邪教徒
actor_data.name_the.cultist_arch_wizard,the Arch Wizard,大巫师
actor_data.name_the.cultist_priest,the Cultist Priest,邪教祭司
actor_data.name_the.cultist_wizard,the Wizard,巫师
actor_data.name_the.dean_halsey,Dean Halsey,哈尔西院长
actor_data.name_the.death_fiend,the Death Fiend,死亡恶魔
actor_data.name_the.deep_one,the Deep One,深潜者
actor_data.name_the.dust_vortex,the Dust Vortex,尘旋
actor_data.name_the.earth_beast,the Earth Beast,土兽
actor_data.name_the.earth_hound,the Earth Hound,土猎犬
actor_data.name_the.elder_void_traveler,the Elder Void Traveler,古老虚空旅者
actor_data.name_the.energy_vortex,the Energy Vortex,能量旋涡
actor_data.name_the.failed_reanimation,the Failed Reanimation,失败复生体
actor_data.name_the.fire_beast,the Fire Beast,火兽
actor_data.name_the.fire_hound,the Fire Hound,火猎犬
actor_data.name_the.fire_vortex,the Fire Vortex,火旋
actor_data.name_the.floating_skull,the Floating Skull,漂浮骷髅
actor_data.name_the.flying_polyp,the Flying Polyp,飞天水螅体
actor_data.name_the.gas_spore,the Gas Spore,瓦斯孢子
actor_data.name_the.ghastly_light,the Ghastly Light,骇人幽光
actor_data.name_the.ghost,the Ghost,幽灵
actor_data.name_the.ghoul,the Ghoul,食尸鬼
actor_data.name_the.giant_bat,the Giant Bat,巨蝠
actor_data.name_the.giant_mantis,the Giant Mantis,巨螳螂
actor_data.name_the.glasuu,the Gla'Suu,格拉苏
actor_data.name_the.greater_polyp,the Greater Polyp,巨型飞天水螅体
actor_data.name_the.green_spider,the Huge Green Spider,巨型绿蜘蛛
actor_data.name_the.high_priest_guard_ghoul,Vrka,弗尔卡
actor_data.name_the.high_priest_guard_rogue,Uraga,乌拉加
actor_data.name_the.high_priest_guard_war_vet,Balastha,巴拉斯塔
actor_data.name_the.hunting_horror,the Hunting Horror,猎怖
actor_data.name_the.intestinal_mass,the Intestinal Mass,肠团
actor_data.name_the.invis_stalker,the Invisible Stalker,隐形潜猎者
actor_data.name_the.keziah_mason,Keziah Mason,凯齐娅·梅森
actor_data.name_the.khaga,the Khaga,卡伽
actor_data.name_the.khaga_offspring,the Khaga Offspring,卡伽幼体
actor_data.name_the.khephren,Khephren,卡夫拉
actor_data.name_the.leng_doomweaver,the Leng Doomweaver,冷原织厄者
actor_data.name_the.leng_matriarch,the Leng Matriarch,冷原主母
actor_data.name_the.leng_spider,the Leng Spider,冷原蜘蛛
actor_data.name_the.leviathan,Leviathan,利维坦
actor_data.name_the.locust,the Giant Locust,巨型蝗虫
actor_data.name_the.major_clapham_lee,Major Clapham-Lee,克拉珀姆-李少校
actor_data.name_the.mi_go,the Mi-Go,米戈
actor_data.name_the.mi_go_bio_engineer,the Mi-Go Bio Engineer,米戈生物工程师
actor_data.name_the.mi_go_commander,the Mi-Go Commander,米戈指挥官
actor_data.name_the.mi_go_omega_sentinel,The Omega Sentinel,欧米伽哨兵
actor_data.name_the.mind_leech,the Mind Leech,心智水蛭
actor_data.name_the.mind_worm,the Mind Worm,心智蠕虫
actor_data.name_the.mirror_image,the Mirror Image,镜像
actor_data.name_the.mold,the Mold,霉菌
actor_data.name_the.mold_halluc,the Hallucinogenic Mold,致幻霉菌
actor_data.name_the.mummy,the Mummy,木乃伊
actor_data.name_the.niduza,Niduza,尼杜扎
actor_data.name_the.nitokris,Nitokris,尼托克丽丝
actor_data.name_the.ooze_lurking,the Lurking Ooze,潜伏软泥
actor_data.name_the.ooze_poison,the Poison Ooze,毒性软泥
actor_data.name_the.ooze_putrid,the Putrid Ooze,腐臭软泥
actor_data.name_the.pickman,Richard Upton Pickman,理查德·厄普顿·皮克曼
actor_data.name_the.pit_viper,the Pit Viper,坑蝰
actor_data.name_the.primordial_worm,the Primordial Worm,原初蠕虫
actor_data.name_the.rat,the Rat,老鼠
actor_data.name_the.rat_thing,the Rat-thing,鼠怪
actor_data.name_the.raven,the Raven,渡鸦
actor_data.name_the.red_spider,the Huge Red Spider,巨型红蜘蛛
actor_data.name_the.sentry_drone,the Sentry Drone,哨戒无人机
actor_data.name_the.shadow,the Shadow,阴影
actor_data.name_the.shadow_spider,the Shadow Spider,影蛛
actor_data.name_the.shapeshifter,the Shapeshifter,变形者
actor_data.name_the.spitting_cobra,the Spitting Cobra,喷毒眼镜蛇
actor_data.name_the.strange_color,the Strange Color,异色
actor_data.name_the.tentacle_cluster,the Tentacle Cluster,触手丛
actor_data.name_the.the_high_priest,The High Priest,大祭司
actor_data.name_the.thing,Thing,那东西
actor_data.name_the.transcendent_rat,the Rat,老鼠
actor_data.name_the.troglodyte,the Troglodyte,穴居人
actor_data.name_the.vampire_bat,the Vampire Bat,吸血蝙蝠
actor_data.name_the.void_traveler,the Void Traveler,虚空旅者
actor_data.name_the.warping_aberrance,the Warping Aberrance,扭曲畸体
actor_data.name_the.water_beast,the Water Beast,水兽
actor_data.name_the.water_hound,the Water Hound,水猎犬
actor_data.name_the.white_spider,the Huge White Spider,巨型白蜘蛛
actor_data.name_the.winged_zombie,the Winged Corpse,翼尸
actor_data.name_the.wolf,the Wolf,狼
actor_data.name_the.worm_mass,the Worm Mass,蠕虫团
actor_data.name_the.wraith,the Wraith,怨灵
actor_data.name_the.zealot,the Blinded Zealot,盲目狂信徒
actor_data.name_the.zombie,the Reanimated Corpse,复生尸体
actor_data.name_the.zuul,Zuul the Gatekeeper,守门者祖尔
actor_data.smell.briny,There is a briny smell here.,这里有一股咸腥味。
actor_data.smell.death,It smells like death here.,这里闻起来像死亡。
actor_data.smell.decayed_flesh,There is a stench of decayed flesh here.,这里有一股腐烂血肉的恶臭。
actor_data.smell.fetid_viscous_odor,"The air is heavy with a fetid, viscous odor.",空气中弥漫着浓重黏腻的恶臭。
actor_data.smell.filth_and_decrepitude,It smells like filth and decrepitude here.,这里闻起来满是污秽与腐朽。
actor_data.smell.open_grave,It smells like an open grave here.,这里闻起来像敞开的坟墓。
actor_data.spell_sound.bog_tcher,mutters incantations.,喃喃念诵咒语。
actor_data.spell_sound.croc_head_mummy,speaks incantations in a hollow voice.,用空洞的声音念诵咒语。
actor_data.spell_sound.cultist,mutters incantations.,喃喃念诵咒语。
actor_data.spell_sound.cultist_arch_wizard,mutters incantations.,喃喃念诵咒语。
actor_data.spell_sound.cultist_priest,mutters incantations.,喃喃念诵咒语。
actor_data.spell_sound.cultist_wizard,mutters incantations.,喃喃念诵咒语。
actor_data.spell_sound.death_fiend,speaks incantations in a deep hollow voice.,用低沉空洞的声音念诵咒语。
actor_data.spell_sound.elder_void_traveler,speaks incantations.,念诵咒语。
actor_data.spell_sound.floating_skull,spews forth a litany of curses.,喷吐出一连串诅咒。
actor_data.spell_sound.high_priest_guard_ghoul,mutters incantations.,喃喃念诵咒语。
actor_data.spell_sound.high_priest_guard_rogue,mutters incantations.,喃喃念诵咒语。
actor_data.spell_sound.high_priest_guard_war_vet,mutters incantations.,喃喃念诵咒语。
actor_data.spell_sound.keziah_mason,croaks incantations.,嘎嘎地念诵咒语。
actor_data.spell_sound.khaga,makes a piercing noise.,发出刺耳的声音。
actor_data.spell_sound.khaga_offspring,makes a piercing noise.,发出刺耳的声音。
actor_data.spell_sound.khephren,speaks incantations in a hollow voice.,用空洞的声音念诵咒语。
actor_data.spell_sound.leng_doomweaver,fidgets madly.,疯狂地扭动。
actor_data.spell_sound.leng_matriarch,chirps hideously.,发出可怖的啁啾。
actor_data.spell_sound.leviathan,makes a roaring noise,发出咆哮声
actor_data.spell_sound.mi_go,speaks incantations in a droning voice.,用嗡嗡的声音念诵咒语。
actor_data.spell_sound.mi_go_bio_engineer,speaks incantations in a droning voice.,用嗡嗡的声音念诵咒语。
actor_data.spell_sound.mi_go_commander,speaks incantations in a droning voice.,用嗡嗡的声音念诵咒语。
actor_data.spell_sound.mi_go_omega_sentinel,speaks incantations in a droning voice.,用嗡嗡的声音念诵咒语。
actor_data.spell_sound.mummy,speaks incantations in a hollow voice.,用空洞的声音念诵咒语。
actor_data.spell_sound.niduza,speaks incantations.,念诵咒语。
actor_data.spell_sound.nitokris,speaks incantations in a hollow voice.,用空洞的声音念诵咒语。
actor_data.spell_sound.rat,chatters.,吱吱作响。
actor_data.spell_sound.sentry_drone,makes buzzing sounds in peculiar frequencies.,以怪异频率发出嗡鸣。
actor_data.spell_sound.the_high_priest,speaks incantations in a deep hollow voice.,用低沉空洞的声音念诵咒语。
actor_data.spell_sound.transcendent_rat,chatters.,吱吱作响。
actor_data.spell_sound.void_traveler,speaks incantations.,念诵咒语。
actor_data.spell_sound.wraith,speaks incantations in a deep hollow voice.,用低沉空洞的声音念诵咒语。
actor_data.spell_sound.zealot,mutters incantations.,喃喃念诵咒语。
actor_data.spell_visual.bog_tcher,makes gestures in the air.,在空中比划手势。
actor_data.spell_visual.croc_head_mummy,makes gestures in the air.,在空中比划手势。
actor_data.spell_visual.cultist,makes gestures in the air.,在空中比划手势。
actor_data.spell_visual.cultist_arch_wizard,makes gestures in the air.,在空中比划手势。
actor_data.spell_visual.cultist_priest,makes gestures in the air.,在空中比划手势。
actor_data.spell_visual.cultist_wizard,makes gestures in the air.,在空中比划手势。
actor_data.spell_visual.death_fiend,makes gestures in the air.,在空中比划手势。
actor_data.spell_visual.elder_void_traveler,makes gestures in the air.,在空中比划手势。
actor_data.spell_visual.floating_skull,exhales a cloud of twisting curses.,呼出一团扭曲的诅咒。
actor_data.spell_visual.high_priest_guard_ghoul,makes gestures in the air.,在空中比划手势。
actor_data.spell_visual.high_priest_guard_rogue,makes gestures in the air.,在空中比划手势。
actor_data.spell_visual.high_priest_guard_war_vet,makes gestures in the air.,在空中比划手势。
actor_data.spell_visual.keziah_mason,makes gestures in the air.,在空中比划手势。
actor_data.spell_visual.khaga,weaves patterns in the air.,在空中织出纹样。
actor_data.spell_visual.khaga_offspring,weaves patterns in the air.,在空中织出纹样。
actor_data.spell_visual.khephren,makes gestures in the air.,在空中比划手势。
actor_data.spell_visual.leng_doomweaver,fidgets madly.,疯狂地扭动。
actor_data.spell_visual.leng_matriarch,fidgets madly.,疯狂地扭动。
actor_data.spell_visual.leviathan,pulses with arcane energy.,随着奥术能量脉动。
actor_data.spell_visual.mi_go,"weaves patterns with twitching, inhuman motions.",以抽搐的非人动作织出纹样。
actor_data.spell_visual.mi_go_bio_engineer,"weaves patterns with twitching, inhuman motions.",以抽搐的非人动作织出纹样。
actor_data.spell_visual.mi_go_commander,"weaves patterns with twitching, inhuman motions.",以抽搐的非人动作织出纹样。
actor_data.spell_visual.mi_go_omega_sentinel,"weaves patterns with twitching, inhuman motions.",以抽搐的非人动作织出纹样。
actor_data.spell_visual.mummy,makes gestures in the air.,在空中比划手势。
actor_data.spell_visual.niduza,makes gestures in the air.,在空中比划手势。
actor_data.spell_visual.nitokris,makes gestures in the air.,在空中比划手势。
actor_data.spell_visual.rat,makes gestures in the air.,在空中比划手势。
actor_data.spell_visual.sentry_drone,projects shifting patterns in the air.,在空中投射变幻的图案。
actor_data.spell_visual.the_high_priest,makes gestures in the air.,在空中比划手势。
actor_data.spell_visual.transcendent_rat,makes gestures in the air.,在空中比划手势。
actor_data.spell_visual.void_traveler,makes gestures in the air.,在空中比划手势。
actor_data.spell_visual.wraith,makes gestures in the air.,在空中比划手势。
actor_data.spell_visual.zealot,makes gestures in the air.,在空中比划手势。
actor_data.wary.abaxu,seems disturbed.,显得不安。
actor_data.wary.abyssal_troglodyte,looks wary.,显得警觉。
actor_data.wary.air_beast,seems aggravated.,似乎被激怒了。
actor_data.wary.air_hound,seems aggravated.,似乎被激怒了。
actor_data.wary.ape,looks wary.,显得警觉。
actor_data.wary.black_mamba,seems aggravated.,似乎被激怒了。
actor_data.wary.black_phillip,looks wary.,显得警觉。
actor_data.wary.bloated_zombie,looks wary.,显得警觉。
actor_data.wary.bog_tcher,looks wary.,显得警觉。
actor_data.wary.brown_jenkin,seems aggravated.,似乎被激怒了。
actor_data.wary.byakhee,looks wary.,显得警觉。
actor_data.wary.chthonian,seems disturbed.,显得不安。
actor_data.wary.clear_mold,seems disturbed.,显得不安。
actor_data.wary.corpse_mound,looks wary.,显得警觉。
actor_data.wary.crawling_hand,seems aggravated.,似乎被激怒了。
actor_data.wary.croc_head_mummy,looks wary.,显得警觉。
actor_data.wary.cultist,looks wary.,显得警觉。
actor_data.wary.cultist_arch_wizard,looks wary.,显得警觉。
actor_data.wary.cultist_priest,looks wary.,显得警觉。
actor_data.wary.cultist_wizard,looks wary.,显得警觉。
actor_data.wary.dean_halsey,looks wary.,显得警觉。
actor_data.wary.death_fiend,looks wary.,显得警觉。
actor_data.wary.deep_one,looks wary.,显得警觉。
actor_data.wary.dust_vortex,seems disturbed.,显得不安。
actor_data.wary.earth_beast,seems aggravated.,似乎被激怒了。
actor_data.wary.earth_hound,seems aggravated.,似乎被激怒了。
actor_data.wary.elder_void_traveler,looks wary.,显得警觉。
actor_data.wary.energy_vortex,seems disturbed.,显得不安。
actor_data.wary.failed_reanimation,looks wary.,显得警觉。
actor_data.wary.fire_beast,seems aggravated.,似乎被激怒了。
actor_data.wary.fire_hound,seems aggravated.,似乎被激怒了。
actor_data.wary.fire_vortex,seems disturbed.,显得不安。
actor_data.wary.floating_skull,looks wary.,显得警觉。
actor_data.wary.flying_polyp,looks wary.,显得警觉。
actor_data.wary.gas_spore,seems disturbed.,显得不安。
actor_data.wary.ghost,looks disturbed.,显得惊扰。
actor_data.wary.ghoul,looks wary.,显得警觉。
actor_data.wary.giant_bat,seems disturbed.,显得不安。
actor_data.wary.giant_mantis,seems disturbed.,显得不安。
actor_data.wary.glasuu,seems disturbed.,显得不安。
actor_data.wary.greater_polyp,looks wary.,显得警觉。
actor_data.wary.green_spider,seems aggravated.,似乎被激怒了。
actor_data.wary.high_priest_guard_ghoul,looks wary.,显得警觉。
actor_data.wary.high_priest_guard_rogue,looks wary.,显得警觉。
actor_data.wary.high_priest_guard_war_vet,looks wary.,显得警觉。
actor_data.wary.hunting_horror,looks wary.,显得警觉。
actor_data.wary.intestinal_mass,starts groping and feeling around.,开始四处摸索。
actor_data.wary.invis_stalker,looks wary.,显得警觉。
actor_data.wary.keziah_mason,looks wary.,显得警觉。
actor_data.wary.khaga,looks wary.,显得警觉。
actor_data.wary.khaga_offspring,looks wary.,显得警觉。
actor_data.wary.khephren,looks wary.,显得警觉。
actor_data.wary.leng_doomweaver,seems aggravated.,似乎被激怒了。
actor_data.wary.leng_matriarch,seems aggravated.,似乎被激怒了。
actor_data.wary.leng_spider,seems aggravated.,似乎被激怒了。
actor_data.wary.leviathan,seems disturbed.,显得不安。
actor_data.wary.locust,seems disturbed.,显得不安。
actor_data.wary.major_clapham_lee,looks wary.,显得警觉。
actor_data.wary.mi_go,looks wary.,显得警觉。
actor_data.wary.mi_go_bio_engineer,looks wary.,显得警觉。
actor_data.wary.mi_go_commander,looks wary.,显得警觉。
actor_data.wary.mi_go_omega_sentinel,looks wary.,显得警觉。
actor_data.wary.mind_leech,seems disturbed.,显得不安。
actor_data.wary.mind_worm,seems disturbed.,显得不安。
actor_data.wary.mold,seems disturbed.,显得不安。
actor_data.wary.mold_halluc,seems disturbed.,显得不安。
actor_data.wary.mummy,looks wary.,显得警觉。
actor_data.wary.niduza,looks wary.,显得警觉。
actor_data.wary.nitokris,looks wary.,显得警觉。
actor_data.wary.ooze_lurking,seems disturbed.,显得不安。
actor_data.wary.ooze_poison,seems disturbed.,显得不安。
actor_data.wary.ooze_putrid,seems disturbed.,显得不安。
actor_data.wary.pickman,looks wary.,显得警觉。
actor_data.wary.pit_viper,seems aggravated.,似乎被激怒了。
actor_data.wary.primordial_worm,seems disturbed.,显得不安。
actor_data.wary.rat,seems disturbed.,显得不安。
actor_data.wary.rat_thing,seems disturbed.,显得不安。
actor_data.wary.raven,seems disturbed.,显得不安。
actor_data.wary.red_spider,seems aggravated.,似乎被激怒了。
actor_data.wary.sentry_drone,seems disturbed.,显得不安。
actor_data.wary.shadow,looks wary.,显得警觉。
actor_data.wary.shadow_spider,seems aggravated.,似乎被激怒了。
actor_data.wary.shapeshifter,seems aggravated.,似乎被激怒了。
actor_data.wary.spitting_cobra,seems aggravated.,似乎被激怒了。
actor_data.wary.strange_color,seems disturbed.,显得不安。
actor_data.wary.tentacle_cluster,seems disturbed.,显得不安。
actor_data.wary.the_high_priest,looks wary.,显得警觉。
actor_data.wary.thing,seems aggravated.,似乎被激怒了。
actor_data.wary.transcendent_rat,seems disturbed.,显得不安。
actor_data.wary.troglodyte,looks wary.,显得警觉。
actor_data.wary.vampire_bat,seems disturbed.,显得不安。
actor_data.wary.void_traveler,looks wary.,显得警觉。
actor_data.wary.warping_aberrance,looks wary.,显得警觉。
actor_data.wary.water_beast,seems aggravated.,似乎被激怒了。
actor_data.wary.water_hound,seems aggravated.,似乎被激怒了。
actor_data.wary.white_spider,seems aggravated.,似乎被激怒了。
actor_data.wary.winged_zombie,looks wary.,显得警觉。
actor_data.wary.wolf,looks wary.,显得警觉。
actor_data.wary.worm_mass,seems disturbed.,显得不安。
actor_data.wary.wraith,looks disturbed.,显得惊扰。
actor_data.wary.zealot,looks wary.,显得警觉。
actor_data.wary.zombie,looks wary.,显得警觉。
actor_data.wary.zuul,looks wary.,显得警觉。
actor_death.agonized_screaming,I hear agonized screaming.,我听到痛苦的尖叫。
actor_death.dead_title,Dead,死亡
actor_death.live_again,I LIVE AGAIN!,我又活过来了！
actor_death.resurrect_history,Was brought back from the dead,死而复生
actor_death.resurrect_message,Strange emptiness surrounds me. An eternity passes as I lay frozen in a world of shadows. Suddenly I awake!,奇异的虚空包围着我。永恒仿佛在阴影世界中凝固，我被定住了。突然，我醒来了！
actor_eat.completely_devoured_suffix, is completely devoured.,被完全吞噬了。
actor_eat.feed_player_prefix,I feed on ,我啃食
actor_eat.feeds_on, feeds on ,啃食
actor_eat.period,.,。
actor_eat.ripping_and_chewing,I hear ripping and chewing.,我听到撕咬和咀嚼声。
actor_hit.armor_torn_apart_prefix,My ,我的
actor_hit.armor_torn_apart_suffix, is torn apart!,被撕裂了！
actor_hit.chop,*Chop!*,*劈砍！*
actor_hit.crack,*Crack!*,*咔嚓！*
actor_hit.destroyed_suffix, is destroyed.,被摧毁了。
actor_hit.low_hp_warning,-LOW HP WARNING!-,-低生命值警告！-
actor_hit.no_spirit_left_suffix, has no spirit left!,没有精神力了！
actor_hit.spirit_depleted,"All my spirit is depleted, I am devoid of life!",我的精神已耗尽，我失去了生命！
actor_hit.spirit_drained,My spirit is drained!,我的精神被抽干了！
actor_hit.sustained_severe_wound_history,Sustained a severe wound,遭受重伤
actor_hit.thud,*Thud!*,*砰！*
actor_hit.wracked_by_light,I am wracked by light!,我被光芒折磨！
actor_mon.blood_for_prefix,Blood for ,鲜血献给
actor_mon.cultist_phrase_apigami,Apigami!,Apigami!
actor_mon.cultist_phrase_bhuudesco_invisuu,Bhuudesco invisuu!,Bhuudesco invisuu!
actor_mon.cultist_phrase_bhuuesco_marana,Bhuuesco marana!,Bhuuesco marana!
actor_mon.cultist_phrase_caecux_infirmux,Caecux infirmux!,Caecux infirmux!
actor_mon.cultist_phrase_crudux_cruo,Crudux cruo!,Crudux cruo!
actor_mon.cultist_phrase_cruento_paashaeximus,Cruento paashaeximus!,Cruento paashaeximus!
actor_mon.cultist_phrase_cruento_pestis_shatruex,Cruento pestis shatruex!,Cruento pestis shatruex!
actor_mon.cultist_phrase_cruo_crunatus_durbe,Cruo crunatus durbe!,Cruo crunatus durbe!
actor_mon.cultist_phrase_cruo_lokemundux,Cruo lokemundux!,Cruo lokemundux!
actor_mon.cultist_phrase_cruo_stragara_na,Cruo stragara-na!,Cruo stragara-na!
actor_mon.cultist_phrase_gero_shay_cruo,Gero shay cruo!,Gero shay cruo!
actor_mon.cultist_phrase_in_marana_domus,In marana domus-bhaava crunatus!,In marana domus-bhaava crunatus!
actor_mon.cultist_phrase_malax_sayti,Malax sayti!,Malax sayti!
actor_mon.cultist_phrase_marana_malax,Marana malax!,Marana malax!
actor_mon.cultist_phrase_marana_pallex,Marana pallex!,Marana pallex!
actor_mon.cultist_phrase_pallex_ti,Pallex ti!,Pallex ti!
actor_mon.cultist_phrase_peroshay_bibox_malax,Peroshay bibox malax!,Peroshay bibox malax!
actor_mon.cultist_phrase_pestis_cruento,Pestis Cruento!,Pestis Cruento!
actor_mon.cultist_phrase_pestis_cruento_vilomaxus,Pestis cruento vilomaxus pretiacruento!,Pestis cruento vilomaxus pretiacruento!
actor_mon.cultist_phrase_pretaanluxis_cruonit,Pretaanluxis cruonit!,Pretaanluxis cruonit!
actor_mon.cultist_phrase_pretiacruento,Pretiacruento!,Pretiacruento!
actor_mon.cultist_phrase_prostragaranar_malachtose,Prostragaranar malachtose!,Prostragaranar malachtose!
actor_mon.cultist_phrase_stragar_naya,Stragar-Naya!,Stragar-Naya!
actor_mon.cultist_phrase_vilomaxus,Vilomaxus!,Vilomaxus!
actor_mon.cultist_phrase_vorox_esco_marana,Vorox esco marana!,Vorox esco marana!
actor_mon.exclaim,!,！
actor_mon.for_prefix,For ,为了
actor_mon.guide_us_suffix,", guide us!",，指引我们！
actor_mon.guides_us_suffix, guides us!,指引着我们！
actor_mon.in_the_name_of_prefix,In the name of ,以此之名：
actor_mon.perish_for_prefix,Perish for ,为此毁灭吧：
actor_mon.save_us_suffix, save us!,，救救我们！
actor_mon.sees_me_suffix, sees me!,看见了我！
actor_mon.voice_prefix,Voice: ,声音：
actor_mon.watches_over_us_suffix, watches over us!,注视着我们！
actor_mon.will_save_us_suffix, will save us!,会拯救我们！
actor_move.displace_prefix,I displace ,我挤开了
actor_move.it,it,它
actor_move.load_stagger,I stagger under the weight of my carried load.,我被携带物的重量压得踉跄。
actor_move.period,.,。
actor_move.seeps_prefix, seeps ,渗
actor_move.space,__SPACE__,__EMPTY__
actor_move.squirms_through, squirms through ,钻过
actor_move.through,through,穿过
actor_move.too_encumbered,I am too encumbered to move!,我负重太重，无法移动！
actor_move.under,under,从下方
actor_move.unknown_barrier,An unknown barrier blocks me. Perhaps it's for the best.,一道未知的屏障挡住了我。也许这样最好。
actor_move.wounds_stagger,My wounds cause me to stagger.,我的伤口让我踉跄了一下。
actor_player.a_creature,a creature,某个生物
actor_player.chill_runs_down_spine,A chill runs down my spine.,一阵寒意顺着我的脊背爬过。
actor_player.continue_equipping,Continue equipping ,继续装备
actor_player.continue_putting_on,Continue putting on ,继续穿上
actor_player.continue_taking_off,Continue taking off ,继续脱下
actor_player.feel_anxious,I feel anxious.,我感到焦虑。
actor_player.feel_examine_place,I feel like I should examine this place thoroughly.,我觉得我应该彻底检查这个地方。
actor_player.feel_great_interest,I feel like there is something of great interest here.,我觉得这里有某种极其有趣的东西。
actor_player.insane_message,My mind can no longer withstand what it has grasped. I am hopelessly lost.,我的心智再也无法承受它所领悟的东西。我已经彻底迷失了。
actor_player.insane_title,Insane!,疯狂！
actor_player.monster_here_prefix,There is ,这里有
actor_player.monster_here_suffix, here!,！
actor_player.more_fervent,I feel more fervent!,我感到更加虔诚！
actor_player.query_suffix,?,？
actor_player.sense_great_danger,I sense a great danger.,我感觉到巨大的危险。
actor_player.sense_great_power,I sense an object of great power here.,我感觉这里有一件极其强大的物品。
actor_player.some_foul_entity,some foul entity,某个污秽的实体
actor_player.someone,someone,某人
actor_player.turns_left_open, (,（
actor_player.turns_left_suffix, turns left)?,回合剩余）？
actor_start_turn.encumbered,"I am carrying too much weight, walking will be slower.",负重过多，走路会更慢。
actor_start_turn.exclaim,!,！
actor_start_turn.in_view_suffix, is in my view.,在我的视野中。
actor_start_turn.sanity_slipping,I feel my sanity slipping...,我感觉理智正在流失...
actor_start_turn.spot_prefix,I spot ,我发现了
ai.bashes_at_the, bashes at the ,正在撞击
ai.exclaim,!,！
ai.looks_desperate_suffix, looks desperate.,看起来绝望了。
attack.attack_prefix,Attack ,攻击
attack.it,it,它
attack.query_suffix,?,？
attack.with, with ,，使用
attack_melee.attack_terrain_prefix,Attacking ,攻击
attack_melee.attack_terrain_suffix, would be useless.,会毫无用处。
attack_melee.attack_terrain_with, with ,，使用
attack_melee.backstab_prefix,covertly ,隐秘地
attack_melee.hear_fighting,I hear fighting.,我听到打斗声。
attack_melee.i_am_hit,I am hit,我被击中了
attack_melee.is_hit_suffix, is hit,被击中了
attack_melee.it_lower,it,它
attack_melee.it_upper,It,它
attack_melee.me,me,我
attack_melee.misses, misses ,没打中
attack_melee.period,.,。
attack_melee.player_miss,I miss.,我没打中。
attack_melee.player_prefix,I ,我
attack_melee.stopped_at_boundary_suffix, is stopped at the boundary.,被挡在边界处。
attack_melee.weak_intrinsic_suffix, feebly,无力地
attack_melee.weak_prefix,feebly ,无力地
attack_melee.with_prefix,with ,，使用
attack_melee.with_spaced, with ,，使用
attack_melee.word_separator,__SPACE__,__EMPTY__
attack_ranged.creature_hit,A creature is hit.,有生物被击中了。
attack_ranged.i_am_hit,I am hit,我被击中了
attack_ranged.is_hit, is hit,被击中了
attack_ranged.it,It,它
attack_ranged.period,.,。
attack_ranged.player_prefix,I ,我
attack_ranged.ricochet,I hear a ricochet.,我听到一声跳弹。
bash.attack_middle,__SPACE__,__EMPTY__
bash.attack_prefix,I ,我
bash.attack_something, something!,某物！
bash.cannot_find_anything,I cannot find anything there to bash.,我在那儿找不到任何可砸的东西。
bash.exclaim,!,！
bash.kicking_prefix,Kicking ,踢
bash.kicking_suffix, would be useless.,会毫无用处。
bash.sprain_myself,I sprain myself.,我扭伤了自己。
bash.whoosh,*Whoosh!*,*呼！*
character_descr.current_shock_prefix,Current shock level (including temporary sources) is ,当前震惊值（包括临时来源）为
character_descr.current_status_heading,Current status effects,当前状态效果
character_descr.insane_suffix,% insane,% 疯狂
character_descr.item_knowledge_heading,Item knowledge,物品知识
character_descr.no_mental_disorders,No specific mental disorders,没有特定的精神症状
character_descr.none,None,无
character_descr.sanity_heading,Sanity of mind,理智状态
character_descr.title,Character description,角色描述
character_descr.traits_heading,Traits gained,获得的特质
close.door_cannot_be_jammed,This door cannot be jammed.,这扇门无法被堵住。
close.no_spike,I have nothing to jam the door with.,我没有可用来堵门的东西。
close.no_spikes_left,I have no iron spikes left.,我没有铁钉了。
close.nothing_to_close_hidden,I find nothing there to close or jam shut.,那里没有可以关闭或堵住的东西。
close.nothing_to_close_visible,I see nothing there to close or jam shut.,那里没有可以关闭或堵住的东西。
close.spikes_left_prefix,I have ,我还有
close.spikes_left_suffix, iron spikes left.,根铁钉。
common.any_key_hint,[any key] to continue,[任意键] 继续
common.blocked,It's blocked.,被挡住了。
common.cancel_hint,"[space, esc] to cancel","[space, esc] 取消"
common.cannot_remove_normal_means,It cannot be removed through normal means.,它无法通过常规手段移除。
common.cannot_see_there,I cannot see there.,我看不到那里。
common.confirm_drop_hint,[enter] to confirm,[enter] 确认
common.confirm_hint,"[space, esc, enter] to continue","[space, esc, enter] 继续"
common.direction_query,Which direction?,哪个方向？
common.disarm_no_trap,I find nothing there to disarm.,我没发现可拆除的陷阱。
common.exorcist_purge_phrase_1,This place feels more serene now.,这个地方现在平静了一些。
common.exorcist_purge_phrase_2,The sanctity of this place has been somewhat restored.,这里的神圣性稍稍恢复了。
common.exorcist_purge_phrase_3,A great wickedness has been extinguished.,一股巨大的邪恶被熄灭了。
common.exorcist_purge_phrase_4,I sense a stillness permeating throughout the area.,我感到一阵宁静在这里扩散。
common.fire_prevent_cmd,Fire is spreading!,火势正在蔓延！
common.game_over_summary_exit_hint,"[space, esc] to show high scores","[space, esc] 显示高分榜"
common.minimap_exit_hint,"[space, esc, m] to exit","[space, esc, m] 退出"
common.miscast_mon,fails to concentrate.,无法集中精神。
common.miscast_player,I fail to concentrate!,我无法集中精神！
common.mon_disappear,suddenly disappears!,突然消失了！
common.mon_disappear_reappear,suddenly disappears and reappears!,突然消失，又再次出现了！
common.mon_prevent_cmd,Not while an enemy is near.,敌人在附近时不能这么做。
common.next_page_down_hint,"[page down, >] more","[page down, >] 下一页"
common.next_page_up_hint,"[page up, <] more","[page up, <] 下一页"
common.no,No,否
common.no_key,(N)o,(N)否
common.not_while_blind,Not while blind.,失明时无法这么做。
common.not_while_entangled,Not while entangled.,被缠住时无法这么做。
common.not_while_stuck,Not while stuck.,卡住时无法这么做。
common.screen_exit_hint,"[space, esc] to exit","[space, esc] 退出"
common.scroll_hint,"[2/8, down/up, pgup/pgdown, home/end] to scroll","[2/8, down/up, pgup/pgdown, home/end] 滚动"
common.set_option_hint,"[enter, left, right] to set option","[enter, left, right] 调整选项"
common.shock_prevent_cmd,Not while insanity is near.,疯狂逼近时不能这么做。
common.something_blocking_it,Something is blocking it.,有东西挡住了它。
common.yes,Yes,是
common.yes_key,(Y)es,(Y)是
common.yes_or_no_hint,[y/n],[y/n]
create_character.background_title,What is your background?,你的背景是什么？
create_character.bot_name,Bot,机器人
create_character.character_level_prefix,Character level ,角色等级
create_character.default_player_name,Player,玩家
create_character.gain_trait_prefix,"Gain trait """,获得特质“
create_character.gained_trait_prefix,"Gained trait """,获得了特质“
create_character.info.character,(c) Character information,（c）角色信息
create_character.info.inventory,(i) Inventory,（i）物品栏
create_character.info.known_spells,(x) Known spells,（x）已知法术
create_character.info.look_around,(v) Look around,（v）四处查看
create_character.info.view_map,(m) View map,（m）查看地图
create_character.lose_trait_title,Lose which trait?,要失去哪个特质？
create_character.lost_trait_prefix,"Lost trait """,失去了特质“
create_character.name_title,What is your name?,你的名字是什么？
create_character.prerequisites_label,Prerequisite(s):,前置条件：
create_character.remove_trait_prefix,"Remove trait """,移除特质“
create_character.starting_spells_title,Choose starting spells,选择初始法术
create_character.starting_trait_title,Which extra trait do you start with?,你想获得哪一个额外特质？
create_character.trait_query_suffix,"""?",”？
create_character.trait_quote_suffix,"""",”
create_character.unavailable_traits_title,Currently unavailable traits,当前不可用的特质
create_character.view_available_traits_hint,[TAB] to view available traits,[TAB] 查看可用特质
create_character.view_game_info_hint,[i] to view game info,[i] 查看游戏信息
create_character.view_unavailable_traits_hint,[TAB] to view unavailable traits,[TAB] 查看不可用特质
drop.monster_drops, drops ,丢下了
drop.period,.,。
drop.player_prefix,I drop ,我丢下了
explosion.hear,I hear an explosion!,我听到一声爆炸！
explosion.player_hit,I am hit by an explosion!,我被爆炸击中了！
explosion.survived_history,Survived an explosion,从爆炸中幸存
game.death_message,-I AM DEAD!-,-我死了！-
game.discovered_prefix,I have discovered ,我发现了
game.exclaim,!,！
game.history_defeated_prefix,Defeated ,击败了
game.history_discovered_prefix,Discovered ,发现了
game.intro_default,"I stand at the end of a cobbled forest path, before me lies a shunned and decrepit old church building. This is the access point to the domains of the abhorred ""Cult of Starry Wisdom"". I am determined to enter these sprawling catacombs and rob them of treasures and knowledge. Somewhere below lies my true destiny, an artifact of non-human origin referred to as {COLOR_YELLOW}""The shining Trapezohedron""{reset_color} - a window to all the secrets of the universe!",我站在一条鹅卵石森林小径的尽头，面前是一座被人避讳、破败古老的教堂建筑。这里通向令人憎恶的“星智教团”的领地。我决心进入这些蔓延的地下墓穴，夺取其中的财宝和知识。在下方某处，躺着我真正的命运，一件非人起源的神器，被称作{COLOR_YELLOW}“闪耀的偏方三八面体”{reset_color}——一扇通往宇宙一切秘密的窗口！
game.intro_exorcist,"I stand at the end of a cobbled forest path, before me lies a shunned and decrepit old church building. This is the access point to the domains of the abhorred ""Cult of Starry Wisdom"". I am determined to enter these sprawling catacombs and purge them of the corruption that dwells within. Somewhere below lies an artifact of non-human origin referred to as {COLOR_YELLOW}""The shining Trapezohedron""{reset_color} - rumored to be a window to all the secrets of the universe. This must be destroyed, so that none more may be tempted by its deceitful promises!",我站在一条鹅卵石森林小径的尽头，面前是一座被人避讳、破败古老的教堂建筑。这里通向令人憎恶的“星智教团”的领地。我决心进入这些蔓延的地下墓穴，肃清其中盘踞的腐化。在下方某处，有一件非人起源的神器，被称作{COLOR_YELLOW}“闪耀的偏方三八面体”{reset_color}，据说它是一扇通往宇宙一切秘密的窗口。必须摧毁它，免得再有人受其虚假承诺诱惑！
game.pick_trait_prompt,Which trait do you gain?,你想获得哪个特质？
game.started_journey,Started journey,开始了旅程
game.story_so_far_title,The story so far...,故事至此...
game.welcome_level_prefix,Welcome to level ,欢迎来到等级
game.welcome_level_suffix,!,！
game.win_default_approach_crystal,"As I approach the crystal, an eerie glow illuminates the area. I notice a figure observing me from the edge of the light. There is no doubt in my mind concerning the nature of this entity.",当我接近水晶时，一阵诡异的光芒照亮了周围。我注意到一个身影正在光线边缘观察我。对于这个实体的本质，我心中毫无疑问。
game.win_default_harness_shadows,"I now harness the shadows that stride from world to world to sow death and madness. The destinies of all things on earth, living and dead, are mine.",我如今驾驭那些跨越世界、播撒死亡与疯狂的阴影。地上万物，无论生者或死者，其命运皆归于我。
game.win_default_pact,So I make a pact with the Fiend.,于是我与邪魔立下契约。
game.win_default_panic,"I panic. Why is it I find myself here, stumbling around in darkness? Is this all part of a plan? The being beckons me to gaze into the stone.",我陷入恐慌。为什么我会在这里，在黑暗中跌跌撞撞？这一切都是某个计划的一部分吗？那个存在召唤我凝视石头。
game.win_default_visions,"In the radiance I see visions beyond eternity, visions of unreal reality, visions of the brightest light of day and the darkest night of madness. There is only onward now, I have to see, I have to KNOW.",在光辉中，我看见超越永恒的异象，看见非现实的现实，看见白昼最明亮的光和疯狂最黑暗的夜。现在唯有前行，我必须看见，我必须知晓。
game.xp_gain_prefix,(+,(+
game.xp_gain_suffix,% XP),% XP)
game_commands.chilling_howl,I let out a chilling howl.,我发出一声令人胆寒的嚎叫。
game_commands.firing_would_destroy_me,Firing the gun now would destroy me.,现在开火会毁灭我。
game_commands.make_some_noise,I make some noise.,我弄出一些声响。
game_commands.menu_options,(O)ptions,（O）选项
game_commands.menu_quit,(Q)uit,（Q）退出
game_commands.menu_tome,(T)ome of Wisdom,（T）智慧之书
game_commands.no_ammo_loaded,There is no ammo loaded.,没有装填弹药。
game_commands.no_weapon_to_swap,I have neither a wielded nor a prepared weapon.,我既没有装备武器，也没有备好的武器。
game_commands.not_carrying_prefix,I am not carrying ,我没有携带
game_commands.not_carrying_suffix,.,。
game_commands.not_while_confused,Not while confused.,混乱时不能这么做。
game_commands.not_while_infected,Not while infected.,感染时不能这么做。
game_commands.not_while_poisoned,Not while poisoned.,中毒时不能这么做。
game_commands.press_help,Press [?] for help.,按 [?] 查看帮助。
game_commands.put_away_my,put away my ,收起我的
game_commands.quit_no,(N)o,（N）否
game_commands.quit_title,Quit the current game?,退出当前游戏？
game_commands.quit_warning,Save and highscore will not be kept (use stairs to save the game).,保存和高分记录将不会保留（请使用楼梯保存游戏）。
game_commands.quit_yes,(Y)es,（Y）是
game_commands.swap_to,swap to ,切换到
game_commands.swap_weapon_prefix,I ,我
game_commands.swiftly_adverb,swiftly ,迅速
game_commands.wield,wield ,装备
game_over_summary.died_before_dungeon,Died before entering the dungeon,在进入地牢前死亡
game_over_summary.empty,Empty,空
game_over_summary.empty_slot,<empty>,<空>
game_over_summary.explored_prefix,Explored to dungeon level ,探索到地下层级
game_over_summary.gained_prefix,Gained ,获得了
game_over_summary.history_of_prefix,History of ,历史：
game_over_summary.insane_suffix,% insane,% 疯狂
game_over_summary.inventory_heading,Inventory,物品栏
game_over_summary.killed_prefix,Killed ,击杀了
game_over_summary.last_messages_heading,Last messages,最后消息
game_over_summary.monsters_suffix, monsters,个怪物
game_over_summary.none,None,无
game_over_summary.removed_suffix, - REMOVED,- 已移除
game_over_summary.score_prefix,Gained a score of ,获得了
game_over_summary.shock_cast_spells,from casting learned spells,来自施放已学法术
game_over_summary.shock_other,from other sources,来自其他来源
game_over_summary.shock_see_mon,from observing creatures,来自观察生物
game_over_summary.shock_take_damage,from being harmed,来自受到伤害
game_over_summary.shock_time,from the passing of time,来自时间流逝
game_over_summary.shock_use_items,from using items,来自使用物品
game_over_summary.spent_prefix,Spent ,花费了
game_over_summary.title,Game summary,游戏总结
game_over_summary.total_shock_prefix,Total shock received is ,总震惊值为
game_over_summary.total_shock_suffix,"%, derived from (rounded values):",%，来源如下（四舍五入后）：
game_over_summary.traits_heading,Traits gained (at character level),获得的特质（按角色等级）
game_over_summary.turns_suffix, turns,回合
game_over_summary.unique_monsters_heading,Unique monsters killed,击杀的唯一怪物
game_over_summary.was_prefix,Was ,有
game_over_summary.xp_suffix, experience points,点经验值
game_time.sink_downwards,I sink downwards!,我向下沉去！
gods.abholos.descr,The Devourer in the Mist,雾中吞噬者
gods.alala.descr,The Herald of S'glhuo,S'glhuo 的先驱
gods.ammutseba.descr,The Devourer of Stars,群星吞噬者
gods.aphoom_zhah.descr,The Cold Flame,冷焰
gods.apocolothoth.descr,The Moon-God,月神
gods.atlach_nacha.descr,The Spider God,蜘蛛之神
gods.ayiig.descr,The Serpent Goddess,蛇之女神
gods.aylith.descr,The Widow in the Woods,林中寡妇
gods.baoht_zuqqa_mogg.descr,The Bringer of Pestilence,瘟疫带来者
gods.basatan.descr,The Master of the Crabs,蟹群之主
gods.bgnu_thun.descr,The Soul-Chilling Ice-God,寒魂冰神
gods.bokrug.descr,The Great Water Lizard,巨大水蜥
gods.bugg_shash.descr,The Black One,黑暗者
gods.cthaat.descr,The Dark Water God,黑水之神
gods.cthugha.descr,The Living Flame,活焰
gods.cthylla.descr,The Secret Daughter of Cthulhu,克苏鲁的秘密之女
gods.ctoggha.descr,The Dream-Daemon,梦魇魔
gods.cyaegha.descr,The Destroying Eye,毁灭之眼
gods.dygra.descr,The Stone-Thing,石之物
gods.dythalla.descr,The Lord of Lizards,蜥蜴之主
gods.eihort.descr,The God of the Labyrinth,迷宫之神
gods.ghisguth.descr,The Sound of the Deep Waters,深水之声
gods.glaaki.descr,The Lord of Dead Dreams,死梦之主
gods.gleeth.descr,The Blind God of the Moon,月之盲神
gods.gloon.descr,The Corrupter of Flesh,肉体腐化者
gods.gog_hoor.descr,The Eater on the Insane,以疯狂者为食者
gods.gol_goroth.descr,The God of the Black Stone,黑石之神
gods.gozer.descr,The Destroyer,毁灭者
gods.groth_golka.descr,The Demon Bird-God,魔鸟之神
gods.gurathnaka.descr,The Eater of Dreams,梦境吞噬者
gods.han.descr,The Dark One,黑暗者
gods.hastur.descr,The King in Yellow,黄衣之王
gods.hchtelegoth.descr,The Great Tentacled God,伟大触手之神
gods.hziulquoigmnzhah.descr,The God of Cykranosh,Cykranosh 之神
gods.inpesca.descr,The Sea Horror,海中恐怖
gods.iod.descr,The Shining Hunter,闪耀猎手
gods.istasha.descr,The Mistress of Darkness,黑暗女主
gods.ithaqua.descr,The God of the Cold White Silence,冰冷白寂之神
gods.janaingo.descr,The Guardian of the Watery Gates,水门守卫
gods.kaalut.descr,The Ravenous One,贪食者
gods.kassogtha.descr,The Leviathan of Disease,疾病利维坦
gods.kaunuzoth.descr,The Great One,伟大者
gods.lam.descr,The Grey,灰者
gods.lythalia.descr,The Forest-Goddess,森林女神
gods.mnomquah.descr,The Lord of the Black Lake,黑湖之主
gods.mordiggian.descr,The Great Ghoul,伟大食尸鬼
gods.mynoghra.descr,The She-Daemon of the Shadows,阴影女魔
gods.ngirrthlu.descr,The Wolf-Thing,狼之物
gods.northot.descr,The Forgotten God,被遗忘之神
gods.nssu_ghahnb.descr,The Leech of the Aeons,永世水蛭
gods.nycrama.descr,The Zombifying Essence,僵化精粹
gods.nyogtha.descr,The Haunter of the Red Abyss,红色深渊萦绕者
gods.obmbu.descr,The Shatterer,粉碎者
gods.othuum.descr,The Oceanic Horror,海洋恐怖
gods.othuyeg.descr,The Doom-Walker,厄运行者
gods.psuchawrl.descr,The Elder One,旧日长者
gods.quyagen.descr,He Who Dwells Beneath Our Feet,栖于我们脚下者
gods.rhan_tegoth.descr,He of the Ivory Throne,象牙王座之主
gods.rlim_shaikorth.descr,The White Worm,白色蠕虫
gods.ruhtra_dyoll.descr,The Fire God,火神
gods.sebek.descr,The Crocodile God,鳄鱼神
gods.sedmelluq.descr,The Great Manipulator,伟大操纵者
gods.sfatlicllp.descr,The Fallen Wisdom,堕落智慧
gods.shaklatal.descr,The Eye of Wicked Sight,邪视之眼
gods.sheb_teth.descr,The Devourer of Souls,灵魂吞噬者
gods.shterot.descr,The Tenebrous One,幽暗者
gods.shudde_mell.descr,The Burrower Beneath,地下掘行者
gods.shuy_nihl.descr,The Devourer in the Earth,地中吞噬者
gods.sthanee.descr,The Lost One,迷失者
gods.summanus.descr,The Monarch of Night,夜之君主
gods.thanaroa.descr,The Shining One,闪耀者
gods.tharapithia.descr,The Shadow in the Crimson Light,绯红光中的阴影
gods.thog.descr,The Demon-God of Xuthal,Xuthal 魔神
gods.thrygh.descr,The Godbeast,神兽
gods.tsathoggua.descr,The Toad-God,蟾蜍之神
gods.tulushuggua.descr,The Watery Dweller Beneath,地下水居者
gods.vibur.descr,The Thing from Beyond,天外之物
gods.volgna_gath.descr,The Keeper of the Secrets,秘密守护者
gods.vthyarilops.descr,The Starfish God,海星之神
gods.xalafu.descr,The Dread One,恐惧者
gods.xcthol.descr,The Goat God,山羊神
gods.xinlurgash.descr,The Ever-Consuming,永恒吞噬者
gods.xirdneth.descr,The Maker of Illusions,幻象制造者
gods.xotli.descr,The Lord of Terror,恐怖之主
gods.yegg_ha.descr,The Faceless One,无面者
gods.ygolonac.descr,The Defiler,玷污者
gods.yig.descr,The Father of Serpents,群蛇之父
gods.ymnar.descr,The Dark Stalker,黑暗潜行者
gods.yog_sapha.descr,The Dweller in the Depths,深处居者
gods.yorith.descr,The Oldest Dreamer,最古老的梦者
gods.ythogtha.descr,The Thing in the Pit,坑中之物
gods.yug_siturath.descr,The All-Consuming Fog,吞噬一切之雾
gods.zathog.descr,The Black Lord of Whirling Vortices,旋涡黑君
gods.zindarak.descr,The Fiery Messenger,炽焰信使
gods.zushakon.descr,The Dark Silent One,黑暗沉默者
gods.zvilpogghua.descr,The Feaster from the Stars,星辰盛宴者
highscore.browsing_title,Browsing high scores,浏览高分记录
highscore.column_depth,Depth,深度
highscore.column_ins,Ins,疯狂
highscore.column_level,Level,等级
highscore.column_score,Score,分数
highscore.column_turns,Turns,回合
highscore.column_win,Win,胜利
highscore.more_page_down,(More - Page Down),（更多 - Page Down）
highscore.more_page_up,(More - Page Up),（更多 - Page Up）
highscore.no_entries,No high score entries found.,未找到高分记录。
highscore.select_summary_hint,[select] to view game summary,[select] 查看游戏总结
highscore.summary_file_open_failed_title,Game summary file could not be opened,无法打开游戏总结文件
highscore.summary_file_path_prefix,"Path: """,路径：“
highscore.summary_file_path_suffix,"""",”
hints.altars.body,All spells are cast at a higher level when standing at an altar - this includes both spells cast from manuscripts and from memory.,站在祭坛上时，所有法术都会以更高等级施放——这包括从手稿和记忆中施放的法术。
hints.altars.title,Altars,祭坛
hints.destroying_corpses.body,"Corpses can be destroyed by pressing [k] or [w]. This can be very useful against certain types of monsters. Some weapons, such as Machetes, makes it easier to destroy corpses - check the item description to see if a weapon has such a bonus. Also, a well-placed stick of dynamite or Molotov Cocktail is usually an effective way of stopping persistent monsters.",可以按 [k] 或 [w] 摧毁尸体。这在对付某些类型的怪物时非常有用。有些武器，例如砍刀，会让摧毁尸体更容易——查看物品描述即可知道武器是否有这种加成。此外，一根位置合适的炸药或燃烧瓶通常也是阻止顽固怪物的有效方法。
hints.destroying_corpses.title,Destroying corpses,摧毁尸体
hints.fountains.body,"Drinking from a fountain usually restores a bit of health, spirit, and mental shock (but they can sometimes have other effects, both good and bad!). Fountains can be drunk from several times, but each time there is a chance that it will dry up permanently.",从喷泉饮水通常会恢复少量生命、精神和震惊值（但它们有时也会产生其他效果，有好有坏！）。喷泉可以饮用多次，但每次都有机会永久干涸。
hints.fountains.title,Fountains,喷泉
hints.high_shock.body,"Being in a state of extreme mental shock (stress, paranoia) will cause a sanity hit. One way to reduce shock, and thereby avoiding or prolonging the sanity hit, is to find a source of light - for example through activating an Electric Lantern or igniting a Flare.",处于极端精神震惊（压力、偏执）状态会导致理智受损。降低震惊的一种方式是寻找光源，例如激活电提灯或点燃照明棒，这可以避免或延缓理智受损。
hints.high_shock.title,High shock,高度震惊
hints.infected.body,"Infections should be treated as soon as possible. The common way of doing this is by using the Medical Bag. It only requires a small number of turns and resources, but if the work is interrupted, the effort is wasted (no medical resources are lost on interruption however).

An untreated infection will eventually turn into a disease (50% maximum hit points), which can only be removed through special means such as drinking certain potions.","感染应尽快治疗。常见做法是使用医疗包。这只需要少量回合和资源，但如果操作被打断，努力就会白费（不过打断时不会损失医疗资源）。

未经治疗的感染最终会变成疾病（最大生命值降低 50%），只能通过特殊手段移除，例如饮用某些药水。"
hints.infected.title,Infected,感染
hints.kick_brazier.body,Braziers can be kicked over to set creatures on fire in a small area.,可以踢倒火盆，在小范围内点燃生物。
hints.kick_brazier.title,Kicking braziers,踢倒火盆
hints.kick_statue.body,Statues can be kicked over to damage and stun a creature on the other side.,可以踢倒雕像，伤害并击晕另一侧的生物。
hints.kick_statue.title,Kicking statues,踢倒雕像
hints.overburdened.body,Carrying too much weight makes movement take twice as much time. This is a very dangerous and detrimental situation.,携带过多重量会让移动耗时加倍。这是非常危险且不利的情况。
hints.overburdened.title,Overburdened,负重过重
hints.status_effects.body,"A status effect has been applied. Status effects are various positive, negative or neutral effects applied on a creature. Some examples are confusion, burning, invisibility, or electricity resistance. A simple list of active status effects is shown in the normal game screen. 

In the character screen (accessed by pressing [C] or [@]), a more detailed list can be seen, including a description of each effect. 

Status effects shown with CAPITAL LETTERS are ""permanent"", and are only removed if some special action is taken, for example using the medical bag to treat a wound.","一个状态效果已经生效。状态效果是施加在生物身上的各种正面、负面或中性效果。例如混乱、燃烧、隐形或电击抗性。普通游戏画面会显示一份简略的活动状态效果列表。

在角色画面中（按 [C] 或 [@] 进入），可以看到更详细的列表，包括每个效果的描述。

以大写字母显示的状态效果是“永久”的，只有采取某些特殊行动才会移除，例如使用医疗包治疗伤口。"
hints.status_effects.title,Status effects,状态效果
hints.study_inscription.body,"There is an inscription here, studying it will yield some experience.

It may also recall a spell that you have forgotten, or reveal something about carried manuscripts or potions. The chance to reveal information about such items is higher with more unknown items carried.","这里有一段铭文，研究它会获得一些经验。

它也可能让你回忆起遗忘的法术，或揭示携带的手稿或药水的信息。携带的未知物品越多，揭示这些物品信息的机会越高。"
hints.study_inscription.title,Inscriptions,铭文
hints.temporary_and_permanent_shock.body,"Some situations cause ""temporary"" mental shock, which is removed when the situation changes. Entering a dark area or standing next to bloodsplatter will cause your shock to spike until you move away, for example.

Standing in bright light will similarly reduce your shock until you return to the ambient subterranean gloom.

Seeing monsters, casting spells, spending time, etc cause ""permanent"" shock, which will not go away until the next floor is reached, insanity rises (due to shock at 100%), or the shock is cured somehow.","有些情况会造成“临时”精神震惊，当情况改变时它会被移除。例如进入黑暗区域或站在血迹旁边会让你的震惊值飙升，直到你离开。

站在明亮光线中同样会降低你的震惊值，直到你回到地下环境的昏暗之中。

看见怪物、施放法术、花费时间等会造成“永久”震惊，它不会消失，直到抵达下一层、震惊达到 100% 导致疯狂上升，或通过某种方式治愈震惊。"
hints.temporary_and_permanent_shock.title,Temporary and permanent mental shock,临时和永久精神震惊
hints.title_prefix,Hint: ,提示：
hints.unload_weapons.body,Ammunition can be unloaded from firearms on the ground by pressing [u] or [G].,可以按 [u] 或 [G] 卸下地上火器中的弹药。
hints.unload_weapons.title,Unloading weapons,卸下武器
i18n.language.english,English,英语
init.loading,Loading...,加载中...
init.warning,Warning,警告
insanity.babbling.char_descr,Babbling,胡言乱语
insanity.babbling.end,I feel in control of my speech.,我重新控制住了自己的言语。
insanity.babbling.history,Started babbling incoherently,开始语无伦次地胡言乱语
insanity.babbling.history_end,My strange babbling was cured,我的异常胡言乱语被治愈了
insanity.babbling.start,I find myself babbling incoherently.,我发现自己在语无伦次地胡言乱语。
insanity.babbling.start_heading,Babbling!,胡言乱语！
insanity.babbling.summary,Had a tendency to babble,曾有胡言乱语的倾向
insanity.confusion.history,Suddenly felt deeply confused for no reason,无缘无故突然感到深深的混乱
insanity.confusion.start,"I find myself in a peculiar trance. I struggle to recall where I am, and what is happening.",我发现自己陷入一种古怪的恍惚。我努力回想自己身在何处，以及正在发生什么。
insanity.confusion.start_heading,Confusion!,混乱！
insanity.draws_nearer_prefix,Insanity draws nearer... ,疯狂逼近……
insanity.faint.history,Fainted,昏厥
insanity.faint.start,Everything is blacking out.,一切都在变黑。
insanity.faint.start_heading,Fainting!,昏厥！
insanity.frenzy.history,Fell into an uncontrollable rage,陷入无法控制的狂怒
insanity.frenzy.start,I fall into an uncontrollable rage!,我陷入无法控制的狂怒！
insanity.frenzy.start_heading,Frenzy!,狂暴！
insanity.laugh.history,Laughed maniacally,癫狂地大笑
insanity.laugh.start,I laugh maniacally.,我癫狂地大笑。
insanity.laugh.start_heading,HAHAHA!,哈哈哈！
insanity.paranoia.history,Had a strong sensation of being followed,强烈感觉自己被跟踪
insanity.paranoia.start,Is there someone following me? Or is it panic taking over?,有人在跟着我吗？还是恐慌正在吞噬我？
insanity.paranoia.start_heading,Paranoia!,偏执！
insanity.phobia_canine.char_descr,Phobia of canines,犬类恐惧症
insanity.phobia_canine.end,I am no longer terrified of canines.,我不再害怕犬类。
insanity.phobia_canine.history,Gained a phobia of canines,患上犬类恐惧症
insanity.phobia_canine.history_end,My phobia of canines was cured,我的犬类恐惧症被治愈了
insanity.phobia_canine.start,Canines suddenly seem terrifying.,犬类突然显得无比可怕。
insanity.phobia_canine.start_heading,Cynophobia!,犬类恐惧症！
insanity.phobia_canine.summary,Had a phobia of canines,曾患有犬类恐惧症
insanity.phobia_canine.trigger,I am plagued by my phobia of canines!,我被对犬类的恐惧所折磨！
insanity.phobia_dark.char_descr,Phobia of darkness,黑暗恐惧症
insanity.phobia_dark.end,I am no longer terrified of darkness.,我不再害怕黑暗。
insanity.phobia_dark.history,Gained a phobia of darkness,患上黑暗恐惧症
insanity.phobia_dark.history_end,My phobia of darkness was cured,我的黑暗恐惧症被治愈了
insanity.phobia_dark.start,Darkness suddenly seems far more terrifying.,黑暗突然显得更加可怕。
insanity.phobia_dark.start_heading,Nyctophobia!,黑暗恐惧症！
insanity.phobia_dark.summary,Had a phobia of darkness,曾患有黑暗恐惧症
insanity.phobia_dark.trigger,I am plagued by my phobia of the dark!,我被对黑暗的恐惧所折磨！
insanity.phobia_dead.char_descr,Phobia of the dead,死者恐惧症
insanity.phobia_dead.end,I am no longer terrified of the dead.,我不再害怕死者。
insanity.phobia_dead.history,Gained a phobia of the dead,患上死者恐惧症
insanity.phobia_dead.history_end,My phobia of the dead was cured,我的死者恐惧症被治愈了
insanity.phobia_dead.start,The dead suddenly seem far more terrifying.,死者突然显得更加可怕。
insanity.phobia_dead.start_heading,Necrophobia!,死者恐惧症！
insanity.phobia_dead.summary,Had a phobia of the dead,曾患有死者恐惧症
insanity.phobia_dead.trigger,I am plagued by my phobia of the dead!,我被对死者的恐惧所折磨！
insanity.phobia_deep.char_descr,Phobia of deep places,深处恐惧症
insanity.phobia_deep.end,I am no longer terrified of deep places.,我不再害怕深处。
insanity.phobia_deep.history,Gained a phobia of deep places,患上深处恐惧症
insanity.phobia_deep.history_end,My phobia of deep places was cured,我的深处恐惧症被治愈了
insanity.phobia_deep.start,It suddenly seems far more terrifying to delve deeper.,深入更深处突然显得更加可怕。
insanity.phobia_deep.start_heading,Bathophobia!,深处恐惧症！
insanity.phobia_deep.summary,Had a phobia of deep places,曾患有深处恐惧症
insanity.phobia_deep.trigger,I am plagued by my phobia of deep places!,我被对深处的恐惧所折磨！
insanity.phobia_rat.char_descr,Phobia of rats,鼠类恐惧症
insanity.phobia_rat.end,I am no longer terrified of rats.,我不再害怕鼠类。
insanity.phobia_rat.history,Gained a phobia of rats,患上鼠类恐惧症
insanity.phobia_rat.history_end,My phobia of rats was cured,我的鼠类恐惧症被治愈了
insanity.phobia_rat.start,Rats suddenly seem terrifying.,鼠类突然显得无比可怕。
insanity.phobia_rat.start_heading,Murophobia!,鼠类恐惧症！
insanity.phobia_rat.summary,Had a phobia of rats,曾患有鼠类恐惧症
insanity.phobia_rat.trigger,I am plagued by my phobia of rats!,我被对鼠类的恐惧所折磨！
insanity.phobia_reptile_and_amph.amphibians_trigger,I am plagued by my phobia of amphibians!,我被对两栖动物的恐惧所折磨！
insanity.phobia_reptile_and_amph.char_descr,Phobia of reptiles and amphibians,爬行动物与两栖动物恐惧症
insanity.phobia_reptile_and_amph.end,I am no longer terrified of reptiles and amphibians.,我不再害怕爬行动物与两栖动物。
insanity.phobia_reptile_and_amph.history,Gained a phobia of reptiles and amphibians,患上爬行动物与两栖动物恐惧症
insanity.phobia_reptile_and_amph.history_end,My phobia of reptiles and amphibians was cured,我的爬行动物与两栖动物恐惧症被治愈了
insanity.phobia_reptile_and_amph.reptiles_trigger,I am plagued by my phobia of reptiles!,我被对爬行动物的恐惧所折磨！
insanity.phobia_reptile_and_amph.start,Reptiles and amphibians suddenly seem terrifying.,爬行动物与两栖动物突然显得无比可怕。
insanity.phobia_reptile_and_amph.start_heading,Herpetophobia!,爬行两栖动物恐惧症！
insanity.phobia_reptile_and_amph.summary,Had a phobia of reptiles and amphibians,曾患有爬行动物与两栖动物恐惧症
insanity.phobia_spider.char_descr,Phobia of spiders,蜘蛛恐惧症
insanity.phobia_spider.end,I am no longer terrified of spiders.,我不再害怕蜘蛛。
insanity.phobia_spider.history,Gained a phobia of spiders,患上蜘蛛恐惧症
insanity.phobia_spider.history_end,My phobia of spiders was cured,我的蜘蛛恐惧症被治愈了
insanity.phobia_spider.start,Spiders suddenly seem terrifying.,蜘蛛突然显得无比可怕。
insanity.phobia_spider.start_heading,Arachnophobia!,蜘蛛恐惧症！
insanity.phobia_spider.summary,Had a phobia of spiders,曾患有蜘蛛恐惧症
insanity.phobia_spider.trigger,I am plagued by my phobia of spiders!,我被对蜘蛛的恐惧所折磨！
insanity.reduce_xp.history,Experiences were erased from memory,经历从记忆中被抹去
insanity.reduce_xp.start_heading,Experiences erased!,经历被抹去！
insanity.reduce_xp_start,"Thanks to the mercy of the mind, some past experiences are forgotten (-25% XP).",多亏心智的仁慈，一些过去的经历被遗忘了（-25% 经验）。
insanity.sadism.char_descr,Sadistic obsession,施虐执念
insanity.sadism.end,I am cured of my sadistic obsession.,我的施虐执念被治愈了。
insanity.sadism.history,Gained a sadistic obsession,产生施虐执念
insanity.sadism.history_end,My sadistic obsession was cured,我的施虐执念被治愈了
insanity.sadism.start,"To my alarm, I find myself encouraged by the pain I cause in others. For every significant life I take, I find a little relief. However, my depraved mind will never find complete peace.",令我惊恐的是，我发现自己会因施加给他人的痛苦而受到鼓舞。每夺走一个重要生命，我都会得到些许慰藉。然而，我堕落的心智永远无法获得彻底的平静。
insanity.sadism.start_heading,Sadistic obsession!,施虐执念！
insanity.sadism.summary,Had a sadistic obsession,曾有施虐执念
insanity.scream.history,Screamed in terror,恐惧地尖叫
insanity.scream.start_heading,Screaming!,尖叫！
insanity.scream_shriek,I let out a terrified shriek.,我发出一声惊恐的尖叫。
insanity.scream_terror,I scream in terror.,我恐惧地尖叫。
insanity.shadows.history,Was haunted by shadows,曾被阴影纠缠
insanity.shadows.start,The shadows are closing in on me!,阴影正向我逼近！
insanity.shadows.start_heading,Haunted by shadows!,被阴影纠缠！
insanity.strange_sensation.history,Had a sensation of something crawling on my neck,感觉有什么东西在我的脖子上爬行
insanity.strange_sensation.start,"There is a strange itch, as if something is crawling on the back of my neck.",一阵奇怪的瘙痒袭来，仿佛有什么东西正在我的后颈上爬行。
insanity.strange_sensation.start_heading,Strange sensation!,奇怪的感觉！
inventory.apply_title,Apply which item?,使用哪件物品？
inventory.browsing_title,Browsing inventory,浏览物品栏
inventory.cannot_remove_prefix,The ,那件
inventory.cannot_remove_suffix, cannot be removed!,无法移除！
inventory.descr.and, and ,和
inventory.descr.attack_object_prefix,This weapon can be used for ,这件武器可用于
inventory.descr.attack_object_suffix," more effectively (while the weapon is wielded, its attack damage is automatically used instead of the kick damage).",，且效果更好（持用此武器时，会自动使用它的攻击伤害代替踢击伤害）。
inventory.descr.average_prefix, (average ,（平均
inventory.descr.average_suffix,).,）。
inventory.descr.breaching_doors,breaching doors,破门
inventory.descr.carried_weight_prefix, (,（占携带重量的
inventory.descr.carried_weight_suffix,% of carried weight),%）
inventory.descr.damage_prefix,The damage dealt with this weapon is ,这件武器造成的伤害为
inventory.descr.destroying_corpses,destroying corpses,摧毁尸体
inventory.descr.hit_mod_prefix,It has a hit chance modifier of ,它的命中率修正为
inventory.descr.long_reach,"This weapon has a long reach, press [f] to attack further away.",这件武器攻击距离较长，按 [f] 可以攻击更远处。
inventory.descr.period,.,。
inventory.descr.quality_prefix,"Due to its quality, damage is ",由于品质影响，伤害比通常高
inventory.descr.quality_suffix, higher than normal.,。
inventory.descr.ref_plural,They are ,它们
inventory.descr.ref_singular,It is ,它
inventory.descr.to_carry, to carry,，携带负担
inventory.drop_how_many_suffix,- drop how many?,- 丢弃多少？
inventory.drop_title,Drop which item?,丢弃哪件物品？
inventory.empty_slot,<empty>,<空>
inventory.equip.armor_title,Wear which armor?,穿上哪件护甲？
inventory.equip.head_title,Wear what on head?,头上戴什么？
inventory.equip.no_armor,I carry no armor.,我没有护甲。
inventory.equip.no_headwear,I carry no headwear.,我没有头部装备。
inventory.equip.no_weapon,I carry no weapon to wield.,我没有可持用的武器。
inventory.equip.prepare_title,Prepare which weapon?,准备哪件武器？
inventory.equip.wield_title,Wield which item?,持用哪件物品？
inventory.equip_msg.ready_prefix,I am now using ,我现在将
inventory.equip_msg.ready_suffix, as a prepared weapon.,作为备用武器。
inventory.equip_msg.wear_prefix,I am now wearing ,我现在穿戴
inventory.equip_msg.wield_prefix,I am now wielding ,我现在持用
inventory.exclaim,!,！
inventory.identify.nothing,There is nothing to identify.,没有可辨识的物品。
inventory.identify.title,Identify which item?,辨识哪件物品？
inventory.not_while_burning,Not while burning.,燃烧时不能这么做。
inventory.nothing_to_apply,I carry nothing to apply.,我没有可使用的物品。
inventory.period,.,。
inventory.refuse_drop_prefix,I refuse to drop the ,我拒绝丢弃
inventory.slot.body,Body,身体
inventory.slot.head,Head,头部
inventory.slot.ready,Ready,备用
inventory.slot.weapon,Weapon,武器
inventory.throw.confirm_prefix,Throw the ,投掷
inventory.throw.confirm_suffix,? ,？
inventory.throw.no_throwing_weapons,I carry no throwing weapons.,我没有可投掷的武器。
inventory.throw.refuse_prefix,I refuse to throw the ,我拒绝投掷
inventory.throw.title,Throw which item?,投掷哪件物品？
inventory.unequip_msg.put_away_prefix,I put away my ,我收起了我的
inventory.unequip_msg.taken_off_prefix,I have taken off my ,我取下了我的
item.cannot_apply,I cannot apply that.,我不能使用那个。
item.discovered_history_prefix,Discovered ,发现了
item.discovered_prefix,I have discovered ,我发现了
item.exclamation_mark,!,！
item.hit_suffix, hit,命中
item.weight_a_bit_heavy,a bit heavy,有点重
item.weight_heavy,heavy,重
item.weight_light,light,轻
item.weight_very_light,very light,很轻
item_armor.damage_prefix,My ,我的
item_armor.damage_suffix, is damaged!,受损了！
item_armor.info_prefix,(,（
item_armor.info_suffix, armor),护甲）
item_armor.joins_with_skin,The armor joins with my skin!,护甲与我的皮肤融合了！
item_curse.area_bursts_into_flames,The surrounding area suddenly burst into flames!,周围区域突然燃起火焰！
item_curse.being_teleported,I am being teleported...,我正在被传送...
item_curse.cannot_read_descr,it prevents the owner from comprehending written language.,它会阻止持有者理解书面语言。
item_curse.descr_prefix,"This item is cursed, ",这件物品被诅咒了，
item_curse.exclaim,!,！
item_curse.faint_whistling_nearer,I hear a faint whistling sound coming nearer...,我听到一阵微弱的哨声正在靠近...
item_curse.fire_descr,it spontaneously sets objects around the caster on fire.,它会自发点燃施法者周围的物体。
item_curse.forever_suffix,", forever...",……
item_curse.growing_attached_prefix,I am growing very attached to ,我越来越离不开
item_curse.heavy_curse_msg_suffix, suddenly feels much heavier to carry.,突然变得重得多。
item_curse.heavy_descr,it is inexplicably heavy for its size.,它的重量相对于大小而言莫名其妙地重。
item_curse.hit_chance_penalty_descr,it makes the owner less accurate (-10% hit chance with melee and ranged attacks).,它会使持有者不那么准确（近战和远程攻击命中率 -10%）。
item_curse.hold_on_prefix,I am starting to think that I should hold on to ,我开始觉得应该永远留着
item_curse.increased_shock_descr,it is a burden on the mind of the owner (+10% minimum shock).,它会成为持有者精神上的负担（最低震惊值 +10%）。
item_curse.lies_upon_prefix,A curse lies upon ,诅咒降临在
item_curse.light_sensitive_descr,the owner is harmed by light.,持有者会被光线伤害。
item_curse.loud_whistling,There is a loud whistling sound.,响起一阵响亮的哨声。
item_curse.period,.,。
item_curse.shriek_descr,it occasionally emits a disembodied voice in a horrible shrieking tone.,它偶尔会发出可怕尖叫般的无形声音。
item_curse.shrieks_suffix, shrieks...,发出尖叫...
item_curse.summon_descr,it calls deadly interdimensional beings into the existence of the owner.,它会将致命的异维存在召唤到持有者所在的现实。
item_curse.teleport_descr,it occasionally teleports the wearer.,它偶尔会传送佩戴者。
item_curse.teleport_discharge_prefix,I somehow sense that a burst of energy is discharged from ,我莫名感觉一股能量从
item_data.armor_asb_suit.base_descr_1,"A one piece overall of asbestos fabric, including a hood, furnace mask, gloves and shoes.",一件石棉织物制成的连体工作服，包括兜帽、炉用面罩、手套和鞋子。
item_data.armor_asb_suit.base_descr_2,"It protects the wearer against fire and electricity, and also against smoke, fumes and gas.",它保护穿戴者免受火焰和电击伤害，也能抵御烟、烟雾和毒气。
item_data.armor_asb_suit.base_descr_3,"It is somewhat bulky to wear (-10% stealth, -10% dodging).",它穿起来有些笨重（-10%潜行，-10%闪避）。
item_data.armor_asb_suit.name,Asbestos Suit,石棉防护服
item_data.armor_asb_suit.name_a,an Asbestos Suit,一套石棉防护服
item_data.armor_flak_jacket.base_descr_1,An armour consisting of steel plates sewn into a waistcoat.,一种由缝入背心的钢板组成的护甲。
item_data.armor_flak_jacket.base_descr_2,"It offers very good protection for its weight, but is somewhat bulky to wear (-10% stealth, -10% dodging).",它相对于重量能提供非常好的保护，但穿起来有些笨重（-10%潜行，-10%闪避）。
item_data.armor_flak_jacket.land_on_hard_snd_msg,I hear a thudding sound.,我听到一声闷响。
item_data.armor_flak_jacket.name,Flak Jacket,防弹背心
item_data.armor_flak_jacket.name_a,a Flak Jacket,一件防弹背心
item_data.armor_heavy_coat.base_descr,"It offers decent protection, at the cost of making movement slightly more difficult (-5% stealth, -5% dodging).",它提供不错的保护，代价是让移动稍微更困难（-5%潜行，-5%闪避）。
item_data.armor_heavy_coat.name,Heavy Coat,厚外套
item_data.armor_heavy_coat.name_a,a Heavy Coat,一件厚外套
item_data.armor_iron_suit.base_descr_1,"A crude armour constructed from metal plates, bolts, and leather straps.",一套由金属板、螺栓和皮带构成的粗制铠甲。
item_data.armor_iron_suit.base_descr_2,"It can absorb a high amount of damage, but it makes movement a lot more difficult (-20% stealth, -20% dodging).",它可以吸收大量伤害，但会让移动困难得多（-20%潜行，-20%闪避）。
item_data.armor_iron_suit.land_on_hard_snd_msg,I hear a crashing sound.,我听到一声撞击巨响。
item_data.armor_iron_suit.name,Iron Suit,铁甲
item_data.armor_iron_suit.name_a,an Iron Suit,一套铁甲
item_data.armor_leather_jacket.base_descr,It offers some protection.,它提供一些保护。
item_data.armor_leather_jacket.name,Leather Jacket,皮夹克
item_data.armor_leather_jacket.name_a,a Leather Jacket,一件皮夹克
item_data.armor_mi_go.base_descr,An extremely durable biological armor created by the Mi-Go.,米-戈创造的极其耐用的生物护甲。
item_data.armor_mi_go.name,Mi-Go Bio-armor,米-戈生体护甲
item_data.armor_mi_go.name_a,a Mi-Go Bio-armor,一件米-戈生体护甲
item_data.astral_opium.base_descr_1,"A drug extracted from plants of extraterrestrial origin. It leaves the user in a perfectly serene state, free from all fear.",一种从源自外星的植物中提取的药物。它让使用者处于完全宁静、无所畏惧的状态。
item_data.astral_opium.base_descr_2,"There is a price for this however, since it causes intense hallucinogenic delusions, and it is also severely addictive.",然而这是有代价的，因为它会导致强烈的致幻妄想，而且也极易成瘾。
item_data.astral_opium.land_on_hard_snd_msg,I hear a clanking sound.,我听到一阵叮当声。
item_data.astral_opium.name,Astral Opium,星界鸦片
item_data.astral_opium.name_a,an Astral Opium Dose,一剂星界鸦片
item_data.astral_opium.name_plural,Astral Opium Doses,星界鸦片剂
item_data.attack.chop.other,chops,劈砍
item_data.attack.chop.player,chop,劈砍
item_data.attack.fire.other,fires,射击
item_data.attack.fire.player,fire,射击
item_data.attack.smash.other,smashes,砸击
item_data.attack.smash.player,smash,砸击
item_data.attack.stab.other,stabs,刺击
item_data.attack.stab.player,stab,刺击
item_data.attack.strike.other,strikes,打击
item_data.attack.strike.player,strike,打击
item_data.axe.base_descr_1,"A tool intended for felling trees, splitting timber, etc. Used as a weapon it can deliver devastating blows, although it requires some skill to use effectively.",用于砍树、劈木材等工作的工具。作为武器使用时可以造成毁灭性打击，尽管需要一定技巧才能有效使用。
item_data.axe.base_descr_2,Melee attacks with axes are noisy.,用斧头进行近战攻击会发出声响。
item_data.axe.name,Axe,斧头
item_data.axe.name_a,an Axe,一把斧头
item_data.axe.name_plural,Axes,斧头
item_data.bone_charm.base_descr_1,"An old finger bone, carved with tiny symbols.",一截刻着细小符号的古老指骨。
item_data.bone_charm.base_descr_2,"Snapping it in two grants protection against harmful spells for 6-12 turns, or until a spell is blocked.",将它折成两半可获得对有害法术的保护，持续6-12回合，或直到阻挡一个法术为止。
item_data.bone_charm.base_descr_3,"It also dispels all seen sigils (""strange shape"" on the floor). For each trap dispelled, 1-6 spirit points are gained, which may raise spirit above maximum level.",它还会驱散所有已看见的符印（地面上的“奇异形状”）。每驱散一个陷阱，便获得1-6点精神点，这可能使精神超过最大值。
item_data.bone_charm.name,Bone Charm,骨符
item_data.bone_charm.name_a,a Bone Charm,一枚骨符
item_data.bone_charm.name_plural,Bone Charms,骨符
item_data.clockwork.base_descr,"A mainspring-powered clockwork of unreal quality and beauty. When wound up, it causes the owner to move very swiftly for a brief time.",一件由主发条驱动、品质与美感都超乎现实的发条装置。上紧发条后，会使持有者在短时间内行动极为迅速。
item_data.clockwork.name,Arcane Clockwork,奥术发条装置
item_data.clockwork.name_a,the Arcane Clockwork,奥术发条装置
item_data.club.base_descr_1,Wielded since prehistoric times.,自史前时代以来就被使用。
item_data.club.base_descr_2,Melee attacks with clubs are silent.,用棍棒进行近战攻击是无声的。
item_data.club.land_on_hard_snd_msg,I hear a thudding sound.,我听到一声闷响。
item_data.club.name,Club,棍棒
item_data.club.name_a,a Club,一根棍棒
item_data.club.name_plural,Clubs,棍棒
item_data.dagger.base_descr_1,"Commonly associated with deception, stealth, and treachery. Many assassinations have been carried out with the use of a dagger.",常与欺骗、潜行和背叛联系在一起。许多暗杀都是用匕首完成的。
item_data.dagger.base_descr_2,Melee attacks performed with a dagger against an unaware opponent does +200% damage (in addition to the normal +50% damage from stealth attacks).,用匕首对未警觉的对手进行近战攻击造成+200%伤害（此外还享受潜行攻击通常的+50%伤害）。
item_data.dagger.base_descr_3,Melee attacks with daggers are silent.,用匕首进行近战攻击是无声的。
item_data.dagger.name,Dagger,匕首
item_data.dagger.name_a,a Dagger,一把匕首
item_data.dagger.name_plural,Daggers,匕首
item_data.device_blaster.name,Blaster Device,爆能装置
item_data.device_blaster.name_a,a Blaster Device,一个爆能装置
item_data.device_blaster.name_plural,Blaster Devices,爆能装置
item_data.device_force_field.name,Force Field Device,力场装置
item_data.device_force_field.name_a,a Force Field Device,一个力场装置
item_data.device_force_field.name_plural,Force Field Devices,力场装置
item_data.device_rejuvenator.name,Rejuvenator Device,回春装置
item_data.device_rejuvenator.name_a,a Rejuvenator Device,一个回春装置
item_data.device_rejuvenator.name_plural,Rejuvenator Devices,回春装置
item_data.device_sentry_drone.name,Sentry Drone Device,哨戒无人机装置
item_data.device_sentry_drone.name_a,a Sentry Drone Device,一个哨戒无人机装置
item_data.device_sentry_drone.name_plural,Sentry Drone Devices,哨戒无人机装置
item_data.device_translocator.name,Translocator Device,移位装置
item_data.device_translocator.name_a,a Translocator Device,一个移位装置
item_data.device_translocator.name_plural,Translocator Devices,移位装置
item_data.drum_of_bullets.base_descr,Ammunition used by Tommy Guns.,汤米枪使用的弹药。
item_data.drum_of_bullets.name,Drum of .45 ACP,.45 ACP弹鼓
item_data.drum_of_bullets.name_a,a Drum of .45 ACP,一个.45 ACP弹鼓
item_data.drum_of_bullets.name_plural,Drums of .45 ACP,.45 ACP弹鼓
item_data.dynamite.base_descr,"An explosive material based on nitroglycerin. The name comes from the ancient Greek word for ""power"".",一种以硝化甘油为基础的爆炸材料。这个名字来自古希腊语中表示“力量”的词。
item_data.dynamite.name,Dynamite,炸药
item_data.dynamite.name_a,a Stick of Dynamite,一根炸药棒
item_data.dynamite.name_plural,Sticks of Dynamite,炸药棒
item_data.electric_gun.base_descr_1,A weapon created by the Mi-Go. It fires devastating bolts of electricity.,米-戈制造的武器。它会发射毁灭性的电流束。
item_data.electric_gun.base_descr_2_hp_drained_infix," hit points drained per attack, ",点生命值/每次攻击，
item_data.electric_gun.base_descr_2_prefix,"When wielded by creatures lacking the peculiar power sources employed by the Mi-Go, this weapon instead draws power from the life force of the wielder (",当缺乏米-戈所用奇特能源的生物持用时，这件武器会改为从持用者的生命力中抽取能量（
item_data.electric_gun.base_descr_2_regen_disabled_prefix,passive hit point regeneration is disabled for ,被动生命恢复会被禁用
item_data.electric_gun.base_descr_2_turns_suffix, turns).,回合）。
item_data.electric_gun.name,Electric Gun,电击枪
item_data.electric_gun.name_a,an Electric Gun,一把电击枪
item_data.electric_gun.name_plural,Electric Gun,电击枪
item_data.electric_gun.ranged_snd_msg,I hear a bolt of electricity.,我听到一道电流爆响。
item_data.flagellant_whip.base_descr_1,A brutal whip affixed with sharpened bones and metal spikes.,一条残酷的鞭子，上面装有磨尖的骨片和金属尖刺。
item_data.flagellant_whip.base_descr_2,Victims struck by its flesh-tearing bite may be paralyzed with pain (20% chance).,被它撕裂血肉的咬噬击中的受害者，可能因痛苦而麻痹（20%几率）。
item_data.flagellant_whip.name,Scourge,苦修鞭
item_data.flagellant_whip.name_a,a Scourge,一条苦修鞭
item_data.flare.base_descr,A type of pyrotechnic that produces a brilliant light or intense heat without an explosion.,一种烟火装置，可以产生明亮光芒或强烈热量而不会爆炸。
item_data.flare.name,Flare,照明棒
item_data.flare.name_a,a Flare,一根照明棒
item_data.flare.name_plural,Flares,照明棒
item_data.fluctuating_material.base_descr_1,"It is difficult to tell whether it is stone, metal, or perhaps even something organic. It seems to be ever-changing, internally twisting, turning, and flowing.",很难判断它究竟是石头、金属，还是某种有机物。它似乎永远在变化，内部不断扭动、转动并流动。
item_data.fluctuating_material.base_descr_2,"Glancing at the material is like looking into a kaleidoscope - and it feels like gazing too deep will transmute the very nature of the observer (choose one trait to remove, and then pick a new one).",瞥一眼这种物质就像望进万花筒——并且感觉凝视太深会转化观察者的本质（选择移除一个特质，然后选择一个新特质）。
item_data.fluctuating_material.land_on_hard_snd_msg,I hear a thud.,我听到一声闷响。
item_data.fluctuating_material.name,Fluctuating Material,波动物质
item_data.fluctuating_material.name_a,a Fluctuating Material,一块波动物质
item_data.fluctuating_material.name_plural,Pieces of Fluctuating Material,波动物质块
item_data.gas_mask.base_descr_1,"Protects the eyes, throat and lungs from smoke and fumes. It has a limited useful lifespan that is related to the absorbent capacity of the filter. ",保护眼睛、喉咙和肺部免受烟尘与烟雾伤害。它的有效使用寿命有限，与滤芯的吸附能力有关。
item_data.gas_mask.base_descr_2,"Due to the small eye windows, aiming is slightly more difficult, and it is harder to detect sneaking enemies and hidden objects (-10% melee and ranged hit chance, -6% searching).",由于眼窗很小，瞄准会稍微更困难，也更难发现潜行的敌人和隐藏物体（-10%近战和远程命中率，-6%搜索）。
item_data.gas_mask.name,Gas Mask,防毒面具
item_data.gas_mask.name_a,a Gas Mask,一个防毒面具
item_data.hammer.base_descr_1,"Typically used for construction, but can be quite devastating when wielded as a weapon.",通常用于建筑施工，但作为武器挥舞时也相当具有毁灭性。
item_data.hammer.base_descr_2,Melee attacks with hammers are noisy.,用锤子进行近战攻击会发出声响。
item_data.hammer.name,Hammer,锤子
item_data.hammer.name_a,a Hammer,一把锤子
item_data.hammer.name_plural,Hammers,锤子
item_data.hatchet.base_descr_1,"A small axe with a short handle. Hatchets are reliable weapons - they are easy to use, and cause decent damage for their low weight.",一把短柄小斧。短柄斧是可靠的武器——易于使用，并且相对于重量能造成不错的伤害。
item_data.hatchet.base_descr_2,Melee attacks with hatchets are silent.,用短柄斧进行近战攻击是无声的。
item_data.hatchet.name,Hatchet,短柄斧
item_data.hatchet.name_a,a Hatchet,一把短柄斧
item_data.hatchet.name_plural,Hatchets,短柄斧
item_data.holy_symbol.base_descr_1,"A focal point providing strength and guidance for the spirit and mind. Praying over the symbol grants 1-4 spirit points, and resistance against shock and fear for 6-12 turns.",为灵魂与心智提供力量和指引的焦点。对圣符祈祷会获得1-4点精神点，并获得对精神震惊和恐惧的抗性，持续6-12回合。
item_data.holy_symbol.base_descr_2,"Some time must pass before the prayer is guaranteed to have an effect again, however it can be attempted before this time has passed (with 25% chance to succeed). If an early attempt fails, faith in the symbol is temporarily lost, and much time must pass before the symbol can be used again.",祈祷要经过一段时间才保证再次生效，但也可以在这段时间过去前尝试（有25%几率成功）。如果提前尝试失败，会暂时失去对圣符的信心，并且必须经过很长时间才能再次使用。
item_data.holy_symbol.name,Holy Symbol,圣符
item_data.holy_symbol.name_a,a Holy Symbol,圣符
item_data.horn_of_banishment.base_descr,"When blown, this instrument forces all magically summoned creatures within hearing range back to their original realm.",吹响时，这件乐器会迫使听力范围内所有魔法召唤的生物返回其原本的领域。
item_data.horn_of_banishment.name,Horn of Banishment,放逐号角
item_data.horn_of_banishment.name_a,the Horn of Banishment,放逐号角
item_data.horn_of_malice.base_descr,"When blown, this sinister artifact emits a weird resonance which corrupts the psyche of all those within hearing range (excluding the horn blower) - causing them to consider all other creatures with intense hatred and distrust.",吹响时，这件阴森神器会发出怪异共鸣，腐蚀听力范围内所有生物（吹号者除外）的心智，使它们以强烈仇恨和不信任看待所有其他生物。
item_data.horn_of_malice.name,Horn of Malice,恶意号角
item_data.horn_of_malice.name_a,the Horn of Malice,恶意号角
item_data.intr_bite.attack_other,bites,咬
item_data.intr_claw.attack_other,claws,抓挠
item_data.intr_dust_engulf.attack_other,engulfs,吞没
item_data.intr_earth_breath.attack_other,breathes forth immense density,喷吐出巨大密度
item_data.intr_earth_breath.ranged_snd_msg,I hear a hammering sound.,我听到锤击般的声音。
item_data.intr_energy_engulf.attack_other,engulfs,吞没
item_data.intr_fire_breath.attack_other,breathes fire,喷吐火焰
item_data.intr_fire_breath.ranged_snd_msg,I hear a burst of flames.,我听到一阵火焰爆燃声。
item_data.intr_fire_engulf.attack_other,engulfs,吞没
item_data.intr_ghost_touch.attack_other,reaches for,伸手抓向
item_data.intr_headbutt.attack_other,slams into,猛撞
item_data.intr_kick.attack_other,kicks,踢
item_data.intr_lightning_breath.attack_other,breathes lightning,喷吐闪电
item_data.intr_lightning_breath.ranged_snd_msg,I hear a burst of lightning.,我听到一阵雷电爆响。
item_data.intr_maul.attack_other,mauls,撕咬
item_data.intr_mind_leech_sting.attack_other,stings,刺
item_data.intr_net_throw.attack_other,throws a net,投出一张网
item_data.intr_net_throw.ranged_snd_msg,I hear a whooshing sound.,我听到呼啸声。
item_data.intr_punch.attack_other,punches,拳击
item_data.intr_punch_knockback.attack_other,punches,拳击
item_data.intr_pus_spew.attack_other,spews pus on,喷吐脓液到
item_data.intr_putrid_spit.attack_other,spits pus,喷吐脓液
item_data.intr_putrid_spit.ranged_snd_msg,I hear spitting.,我听到喷吐声。
item_data.intr_raven_peck.attack_other,pecks,啄
item_data.intr_snake_venom_spit.attack_other,spits venom,喷吐毒液
item_data.intr_snake_venom_spit.ranged_snd_msg,I hear hissing and spitting.,我听到嘶嘶声和喷吐声。
item_data.intr_spear_thrust.attack_other,strikes,刺击
item_data.intr_spores.attack_other,releases spores on,释放孢子到
item_data.intr_sting.attack_other,stings,刺
item_data.intr_strange_color_touch.attack_other,touches,触碰
item_data.intr_strangle.attack_other,strangles,勒住
item_data.intr_strike.attack_other,strikes,打击
item_data.intr_vampiric_bite.attack_other,bites,咬
item_data.intr_water_breath.attack_other,breathes forth a raging torrent,喷吐出汹涌激流
item_data.intr_water_breath.ranged_snd_msg,I hear a gushing sound.,我听到水流奔涌声。
item_data.intr_web_bola.attack_other,shoots a web bola,发射蛛网流星索
item_data.iron_spike.base_descr,Can be useful for wedging things closed.,可用于楔住东西，使其保持关闭。
item_data.iron_spike.name,Iron Spike,铁尖刺
item_data.iron_spike.name_a,an Iron Spike,一根铁尖刺
item_data.iron_spike.name_plural,Iron Spikes,铁尖刺
item_data.item_type.device.base_descr,"A small piece of machinery. It could not possibly have been designed by a human mind. Even for its small size, it seems incredibly complex. There is no hope of understanding the purpose or function of it through normal means.",一小块机器。它不可能是人类心智设计出来的。即使体积很小，也显得极其复杂。通过普通手段没有希望理解它的目的或功能。
item_data.item_type.device.land_on_hard_snd_msg,I hear a clanking sound.,我听到一阵金属叮当声。
item_data.item_type.device.unidentified_name,Strange Device,奇异装置
item_data.item_type.device.unidentified_name_a,a Strange Device,一个奇异装置
item_data.item_type.device.unidentified_name_plural,Strange Devices,奇异装置
item_data.item_type.melee_wpn.land_on_hard_snd_msg,I hear a clanking sound.,我听到一阵金属叮当声。
item_data.item_type.potion.base_descr,A small glass bottle containing a mysterious concoction.,一个小玻璃瓶，里面装着神秘调合物。
item_data.item_type.rod.base_descr,"A metallic device of cylindrical shape. It seems to be designed for human hands, for whatever nefarious purpose.",一个圆柱形金属装置。它似乎是为人类双手设计的，不知有何邪恶用途。
item_data.item_type.rod.land_on_hard_snd_msg,I hear a clanking sound.,我听到一阵金属叮当声。
item_data.item_type.scroll.base_descr_1,"A short transcription of an eldritch incantation. There is a strange aura about it, as if some power was imbued in the paper itself.",一份奥秘咒文的简短抄本。纸张上有一种奇异灵光，仿佛某种力量被灌注在纸张本身之中。
item_data.item_type.scroll.base_descr_2,"It should be possible to pronounce it correctly, but the purpose is unclear.",它应该可以被正确念出，但用途并不明朗。
item_data.lantern.base_descr,A portable light source.,一个便携式光源。
item_data.lantern.land_on_hard_snd_msg,I hear a clanking sound.,我听到一阵金属叮当声。
item_data.lantern.name,Electric Lantern,电提灯
item_data.lantern.name_a,an Electric Lantern,一盏电提灯
item_data.lantern.name_plural,Electric Lanterns,电提灯
item_data.machete.base_descr_1,A large cleaver-like knife. It serves well both as a cutting tool and weapon.,一把类似大型菜刀的刀。既适合作为切割工具，也适合作为武器。
item_data.machete.base_descr_2,Melee attacks with machetes are noisy.,用砍刀进行近战攻击会发出声响。
item_data.machete.name,Machete,砍刀
item_data.machete.name_a,a Machete,一把砍刀
item_data.machete.name_plural,Machetes,砍刀
item_data.medical_bag.base_descr,A portable bag of medical supplies. Can be used to treat Wounds or Infections.,一个便携式医疗用品包。可用于处理伤口或感染。
item_data.medical_bag.name,Medical Bag,医疗包
item_data.medical_bag.name_a,a Medical Bag,一个医疗包
item_data.medical_bag.name_plural,Medical Bags,医疗包
item_data.molotov.base_descr,"An improvised incendiary weapon made of a glass bottle containing flammable liquid and some cloth for ignition. In action, the cloth is lit and the bottle hurled at a target, causing an immediate fireball followed by a raging fire.",一种临时制作的燃烧武器，由装有易燃液体的玻璃瓶和用于点火的布料组成。使用时点燃布料并将瓶子掷向目标，立即造成一团火球，随后燃起熊熊烈火。
item_data.molotov.name,Molotov Cocktail,燃烧瓶
item_data.molotov.name_a,a Molotov Cocktail,一个燃烧瓶
item_data.molotov.name_plural,Molotov Cocktails,燃烧瓶
item_data.morphic_blaster.base_descr_1,A weapon created by the Mi-Go. It launches projectiles that unleash explosive energy upon impact. The weapon adapts itself to merge with the biology of its wielder. A guidance system integrates with the brain to ensure that the projectile hits its intended mark independent of aiming skill (although there is a small chance that it collides with unintended targets along the path).,米-戈制造的武器。它发射的弹体会在命中时释放爆炸性能量。武器会自我调适，与持用者的生理结合。一个导引系统会与大脑整合，确保弹体命中预定目标而不受瞄准技巧影响（不过它仍有小概率在路径上撞上非预期目标）。
item_data.morphic_blaster.base_descr_2_hp_drained_infix," hit points drained per attack, ",点生命值/每次攻击，
item_data.morphic_blaster.base_descr_2_prefix,"When wielded by creatures lacking the peculiar power sources employed by the Mi-Go, this weapon instead draws power from the life force of the wielder (",当缺乏米-戈所用奇特能源的生物持用时，这件武器会改为从持用者的生命力中抽取能量（
item_data.morphic_blaster.base_descr_2_regen_disabled_prefix,passive hit point regeneration is disabled for ,被动生命恢复会被禁用
item_data.morphic_blaster.base_descr_2_turns_suffix," turns, unable to act for the next turn).",回合，且下一回合无法行动）。
item_data.morphic_blaster.name,Morphic Blaster,变形爆能枪
item_data.morphic_blaster.name_a,a Morphic Blaster,一把变形爆能枪
item_data.morphic_blaster.name_plural,Morphic Blasters,变形爆能枪
item_data.morphic_blaster.ranged_snd_msg,I hear the blast of a launched projectile.,我听到发射出的弹体爆响。
item_data.necronomicon.base_descr_1,"This is the dreaded Necronomicon - the Book of the Dead! Its pages contain much dire knowledge on esoteric matters. While carried, all spells are cast at a higher skill level, and it is possible to reach a fourth level, ""Transcendent"".",这就是令人畏惧的死灵之书——亡者之书！书页中记载着许多关于秘奥事物的可怖知识。携带时，所有法术都会以更高技能等级施放，并且可以达到第四等级“超凡”。
item_data.necronomicon.base_descr_2,"All shock taken from spell casting is doubled, and the presence of one who is consulting such knowledge is felt strongly (-20% stealth, 2% chance per turn of alerting nearby creatures).",施放法术受到的所有精神震惊加倍，并且查阅这类知识者的存在会被强烈感知（-20%潜行，每回合2%几率惊动附近生物）。
item_data.necronomicon.name,Necronomicon,死灵之书
item_data.necronomicon.name_a,the Necronomicon,死灵之书
item_data.onyx_drop.base_descr,Drinking a malign potion also applies its effect to all nearby creatures (maximum distance is 6).,饮用恶性药水时，其效果也会施加到附近所有生物身上（最大距离为6）。
item_data.onyx_drop.name,Onyx Drop,缟玛瑙滴坠
item_data.onyx_drop.name_a,the Onyx Drop,缟玛瑙滴坠
item_data.orb_of_life.base_descr,"+4 hit points, grants resistance against poison and disease.",+4生命值，获得对毒素和疾病的抗性。
item_data.orb_of_life.name,Orb of Life,生命之球
item_data.orb_of_life.name_a,the Orb of Life,生命之球
item_data.pharaoh_staff.base_descr_1,"Wielded by rulers in ancient times, this powerful artifact holds power over those that were once bound to it. Any mummy beholding the owner will eventually be converted (10% chance per turn while the weapon is carried).",古代统治者所持的强大神器，能支配那些曾受它束缚的存在。任何看见持有者的木乃伊最终都会被转化（携带此武器时每回合有10%几率）。
item_data.pharaoh_staff.base_descr_2,"Also, a devastating curse may fall upon those struck by this weapon (50% chance to apply doom, greatly reducing the victim's hit chances, evasion, and searching ability, and also causes a small chance to fail when casting spells).",此外，被这件武器击中的目标可能遭受毁灭性的诅咒（50%几率施加厄运，大幅降低受害者的命中率、闪避和搜索能力，并使施法时有小概率失败）。
item_data.pharaoh_staff.name,Staff of the Pharaohs,法老权杖
item_data.pharaoh_staff.name_a,the Staff of the Pharaohs,法老权杖
item_data.pistol.base_descr,"A semi-automatic, magazine-fed pistol chambered for the .45 ACP cartridge.",一把使用弹匣供弹、发射.45 ACP弹药的半自动手枪。
item_data.pistol.name,M1911 Colt,M1911柯尔特手枪
item_data.pistol.name_a,an M1911 Colt,一把M1911柯尔特手枪
item_data.pistol.name_plural,M1911 Colts,M1911柯尔特手枪
item_data.pistol.ranged_snd_msg,I hear a pistol being fired.,我听到手枪开火声。
item_data.pistol_mag.base_descr,Ammunition used by Colt pistols.,柯尔特手枪使用的弹药。
item_data.pistol_mag.name,Colt .45ACP Magazine,柯尔特.45 ACP弹匣
item_data.pistol_mag.name_a,a Colt .45ACP Magazine,一个柯尔特.45 ACP弹匣
item_data.pistol_mag.name_plural,Colt .45ACP Magazines,柯尔特.45 ACP弹匣
item_data.pitchfork.base_descr_1,"A long staff with a forked, four-pronged end.",一根长杆，末端有四齿叉头。
item_data.pitchfork.base_descr_2,Pitchforks are useful in keeping attackers at bay - the victim is pushed back when stabbed.,草叉有助于让攻击者保持距离——被刺中的受害者会被推开。
item_data.pitchfork.name,Pitchfork,草叉
item_data.pitchfork.name_a,a Pitchfork,一把草叉
item_data.pitchfork.name_plural,Pitchforks,草叉
item_data.player_ghoul_claw.attack_player,claw,爪击
item_data.player_ghoul_claw.name,Claw,利爪
item_data.player_ghoul_claw.name_a,clawing,爪击
item_data.player_kick.attack_player,kick,踢
item_data.player_punch.attack_player,punch,拳击
item_data.player_punch.name,Punch,拳击
item_data.player_punch.name_a,a punch,一记拳击
item_data.player_stomp.attack_player,stomp,践踏
item_data.pump_shotgun.base_descr,A pump-action shotgun has a handgrip that can be pumped back and forth in order to eject a spent round of ammunition and to chamber a fresh one. It has a single barrel above a tube magazine into which shells are inserted. The magazine has a capacity of 8 shells.,泵动霰弹枪有一个可前后拉动的护木，用于退出已击发的弹壳并将新弹上膛。它有一根枪管，下面是装入霰弹的管状弹仓。弹仓容量为8发。
item_data.pump_shotgun.name,Pump Shotgun,泵动霰弹枪
item_data.pump_shotgun.name_a,a Pump Shotgun,一把泵动霰弹枪
item_data.pump_shotgun.name_plural,Pump shotguns,泵动霰弹枪
item_data.pump_shotgun.ranged_snd_msg,I hear a shotgun blast.,我听到一声霰弹枪轰鸣。
item_data.refl_talisman.base_descr,"Whenever a hostile spell is blocked due to spell resistance, it is also reflected. The number of turns to regain spell resistance is halved.",每当因法术抗性阻挡敌对法术时，该法术也会被反射。重新获得法术抗性所需的回合数减半。
item_data.refl_talisman.name,Talisman of Reflection,反射护符
item_data.refl_talisman.name_a,the Talisman of Reflection,反射护符
item_data.resurrect_talisman.base_descr,"This powerful charm brings the owner back to life upon bodily death. The talisman is destroyed in the process however, so one may only be brought back once.",这个强大的护符会在持有者肉体死亡时使其复活。不过护符会在过程中被摧毁，因此只能复活一次。
item_data.resurrect_talisman.name,Talisman of Resurrection,复活护符
item_data.resurrect_talisman.name_a,the Talisman of Resurrection,复活护符
item_data.revolver.base_descr,A six-shot double-action revolver.,一把六发双动左轮手枪。
item_data.revolver.name,S&W Revolver,S&W左轮手枪
item_data.revolver.name_a,a S&W Revolver,一把S&W左轮手枪
item_data.revolver.name_plural,S&W Revolvers,S&W左轮手枪
item_data.revolver.ranged_snd_msg,I hear a revolver being fired.,我听到左轮手枪开火声。
item_data.revolver_bullet.base_descr,Ammunition used by S&W Model 10 Revolvers.,S&W Model 10左轮手枪使用的弹药。
item_data.revolver_bullet.name,Revolver .38 Bullet,左轮.38子弹
item_data.revolver_bullet.name_a,a Revolver .38 Bullet,一枚左轮.38子弹
item_data.revolver_bullet.name_plural,Revolver .38 Bullets,左轮.38子弹
item_data.rifle.base_descr_1,A lever-action repeating rifle.,杠杆式连发步枪。
item_data.rifle.base_descr_2,This weapon has an accuracy penalty at close ranges.,这件武器在近距离有命中率惩罚。
item_data.rifle.name,Winchester Rifle,温彻斯特步枪
item_data.rifle.name_a,a Winchester Rifle,一把温彻斯特步枪
item_data.rifle.name_plural,Winchester Rifles,温彻斯特步枪
item_data.rifle.ranged_snd_msg,I hear a rifle being fired.,我听到步枪开火声。
item_data.rifle_bullet.base_descr,Ammunition used by Winchester Rifles.,温彻斯特步枪使用的弹药。
item_data.rifle_bullet.name,Winchester .30 Bullet,温彻斯特.30子弹
item_data.rifle_bullet.name_a,a Winchester .30 Bullet,一枚温彻斯特.30子弹
item_data.rifle_bullet.name_plural,Winchester .30 Bullets,温彻斯特.30子弹
item_data.rock.base_descr,"Although not a very impressive weapon, with skill they can be used with some result.",虽然不是很起眼的武器，但有技巧地使用也能产生一些效果。
item_data.rock.name,Rock,石块
item_data.rock.name_a,a Rock,一块石块
item_data.rock.name_plural,Rocks,石块
item_data.sawed_off.base_descr,"Compared to a standard shotgun, the sawed-off has a shorter effective range - however, at close range it is more devastating. It holds two barrels, and needs to be reloaded after both are discharged.",与标准霰弹枪相比，短管霰弹枪有效射程更短；不过在近距离更具毁灭性。它有两根枪管，两发都射出后需要重新装填。
item_data.sawed_off.name,Sawed-off Shotgun,短管霰弹枪
item_data.sawed_off.name_a,a Sawed-off Shotgun,一把短管霰弹枪
item_data.sawed_off.name_plural,Sawed-off shotguns,短管霰弹枪
item_data.sawed_off.ranged_snd_msg,I hear a shotgun blast.,我听到一声霰弹枪轰鸣。
item_data.shadow_dagger.base_descr_1,"A pitch black dagger with elaborate ornaments. The blade appears blurry, as if perpetually covered in a dark haze.",一把有精致装饰的漆黑匕首。刀刃显得模糊，仿佛永远笼罩在黑暗雾霭中。
item_data.shadow_dagger.base_descr_2,"A creature struck by this weapon is cursed to forever dwell in darkness, or suffer great agony (becomes permanently light sensitive, and takes +1 extra damage from light). Creatures which naturally emit light (such as beings of fire or energy) takes 1-4 irresistible damage instead.",被这把武器击中的生物会受到诅咒，永远栖身于黑暗中，否则便承受巨大痛苦（永久变得光敏，并受到来自光的+1额外伤害）。天生发光的生物（如火焰或能量存在）则会改为受到1-4点不可抵抗伤害。
item_data.shadow_dagger.base_descr_3,Attacking an unaware opponent with a dagger does +200% damage (in addition to the normal +50% damage from stealth attacks).,用匕首攻击未警觉的对手造成+200%伤害（此外还享受潜行攻击通常的+50%伤害）。
item_data.shadow_dagger.name,"Gahana, The Black Dagger",加哈纳，黑色匕首
item_data.shadow_dagger.name_a,"Gahana, The Black Dagger",加哈纳，黑色匕首
item_data.shotgun_shell.base_descr,A cartridge designed to be fired from a shotgun.,为霰弹枪发射而设计的弹药。
item_data.shotgun_shell.name,Shotgun shell,霰弹枪弹
item_data.shotgun_shell.name_a,a shotgun shell,一枚霰弹枪弹
item_data.shotgun_shell.name_plural,Shotgun shells,霰弹枪弹
item_data.sledgehammer.base_descr,"It can deal devastating damage, although it is cumbersome to carry, and it requires some skill to use effectively.",它能造成毁灭性伤害，但携带起来很笨重，也需要一定技巧才能有效使用。
item_data.sledgehammer.name,Sledgehammer,大锤
item_data.sledgehammer.name_a,a Sledgehammer,一把大锤
item_data.sledgehammer.name_plural,Sledgehammers,大锤
item_data.smoke_grenade.base_descr,"A sheet steel cylinder with emission holes releasing smoke when the grenade is ignited. Their primary use is to create smoke screens for concealment. The fumes produced can harm the eyes, throat and lungs - so it is recommended to wear a protective mask.",一个薄钢筒，点燃后会从排放孔释放烟雾。它们主要用于制造烟幕以便隐蔽。产生的烟雾会伤害眼睛、喉咙和肺部，因此建议佩戴防护面具。
item_data.smoke_grenade.name,Smoke Grenade,烟雾弹
item_data.smoke_grenade.name_a,a Smoke Grenade,一枚烟雾弹
item_data.smoke_grenade.name_plural,Smoke Grenades,烟雾弹
item_data.spear.base_descr,A pole weapon consisting of a wooden shaft and a steel head.,一种由木柄和钢制矛头组成的长柄武器。
item_data.spear.name,Spear,长矛
item_data.spear.name_a,a Spear,一根长矛
item_data.spear.name_plural,Spears,长矛
item_data.spike_gun.base_descr,"A very strange and crude weapon capable of launching iron spikes with enough force to pierce flesh (or even rock). It seems almost to be deliberately designed for cruelty, rather than pure stopping power.",一件非常奇异而粗陋的武器，能够以足够穿透血肉（甚至岩石）的力量发射铁尖刺。它几乎像是被刻意设计用来施加残酷，而不是单纯为了制止目标。
item_data.spike_gun.name,Spike Gun,尖刺枪
item_data.spike_gun.name_a,a Spike Gun,一把尖刺枪
item_data.spike_gun.name_plural,Spike Guns,尖刺枪
item_data.spike_gun.ranged_snd_msg,I hear a very crude weapon being fired.,我听到一件非常粗陋的武器开火。
item_data.spiked_mace.base_descr_1,"A brutal weapon, utilizing a combination of blunt-force and puncture.",一种残酷的武器，结合了钝击力与穿刺。
item_data.spiked_mace.base_descr_2,"Attacks with this weapon have a 25% chance to stun the victim, rendering them unable to act for a brief time.",用这件武器攻击有25%几率击晕受害者，使其短时间无法行动。
item_data.spiked_mace.base_descr_3,Melee attacks with spiked maces are noisy.,用钉头锤进行近战攻击会发出声响。
item_data.spiked_mace.name,Spiked Mace,钉头锤
item_data.spiked_mace.name_a,a Spiked Mace,一把钉头锤
item_data.spiked_mace.name_plural,Spiked Maces,钉头锤
item_data.tele_ctrl_talisman.base_descr,Grants the owner the ability to control the destination when teleporting.,赋予持有者在传送时控制目的地的能力。
item_data.tele_ctrl_talisman.name,Talisman of Teleportation Control,传送控制护符
item_data.tele_ctrl_talisman.name_a,the Talisman of Teleportation Control,传送控制护符
item_data.thr_knife.base_descr,A knife specially designed and weighted so that it can be thrown effectively.,一种经过专门设计和配重、便于有效投掷的刀。
item_data.thr_knife.name,Throwing Knife,飞刀
item_data.thr_knife.name_a,a Throwing Knife,一把飞刀
item_data.thr_knife.name_plural,Throwing Knives,飞刀
item_data.tommy_gun.base_descr,"""Tommy Gun"" is a nickname for the Thompson submachine gun - an automatic firearm with a drum magazine and vertical foregrip. It fires .45 ACP ammunition. The drum magazine has a capacity of 50 rounds.",“汤米枪”是汤普森冲锋枪的昵称，是一种配有弹鼓和垂直前握把的自动枪械。它发射.45 ACP弹药，弹鼓容量为50发。
item_data.tommy_gun.name,Tommy Gun,汤米枪
item_data.tommy_gun.name_a,a Tommy Gun,一把汤米枪
item_data.tommy_gun.name_plural,Tommy Guns,汤米枪
item_data.tommy_gun.ranged_snd_msg,I hear the burst of a machine gun.,我听到机枪连射声。
item_data.torture_collar.base_descr_1,A gruesome torture device with spikes driven into the neck of the wearer. It is impossible to take off.,一种可怖的折磨器具，尖刺刺入佩戴者颈部。它无法被取下。
item_data.torture_collar.base_descr_2,"Walking with the collar requires extra turns, and stealth and evasion are reduced by 20%. However, wearing the collar hardens the Flagellant against physical suffering, armor is increased by 3 points.",戴着项圈行走需要额外回合，潜行和闪避降低20%。不过，佩戴项圈会让苦修者更能承受肉体痛苦，护甲增加3点。
item_data.torture_collar.name,Torture Collar,折磨项圈
item_data.torture_collar.name_a,a Torture Collar,一个折磨项圈
item_data.trap_dart.ranged_snd_msg,I hear the launching of a projectile.,我听到弹体发射声。
item_data.witch_eye.base_descr,"The eye of a powerful witch. Clutching it in one's hand will temporarily grant magical vision - doors, traps, stairs, and other locations of interest are detected in the surrounding area, and the presence of items and creatures is revealed.",一位强大女巫的眼睛。把它攥在手中会暂时获得魔法视觉——门、陷阱、楼梯和周围其他有趣地点会被侦测到，并且物品和生物的存在也会显露。
item_data.witch_eye.name,Witch's Eye,女巫之眼
item_data.witch_eye.name_a,a Witch's Eye,一只女巫之眼
item_data.witch_eye.name_plural,Witch's Eyes,女巫之眼
item_data.zombie_dust.base_descr,"When thrown at a living (non-undead) creature, this powder causes paralyzation.",投向活着的（非不死）生物时，这种粉末会导致麻痹。
item_data.zombie_dust.name,Zombie Dust,僵尸尘
item_data.zombie_dust.name_a,a handful of Zombie Dust,一把僵尸尘
item_data.zombie_dust.name_plural,Handfuls of Zombie Dust,一把把僵尸尘
item_device.activate_prefix,I activate ,我激活了
item_device.air_thickens,The air thickens around me.,我周围的空气变得沉重起来。
item_device.alien,"This device is completely alien to me, I could never understand it through normal means.",这件装置对我来说完全陌生，我无法通过常规手段理解它。
item_device.all_properties_known,All its properties are now known to me.,它的所有属性现在都已为我所知。
item_device.breaks_prefix,The ,那件
item_device.breaks_suffix, breaks!,坏了！
item_device.condition_breaking,almost broken.,几乎坏掉了。
item_device.condition_fine,to be in fine condition.,状况良好。
item_device.condition_prefix,It seems ,它似乎
item_device.condition_shoddy,to be in shoddy condition.,状况粗劣。
item_device.damaged,The ,那件
item_device.damaged_suffix, makes a terrible grinding noise. I seem to have damaged it.,发出可怕的磨擦声。我似乎把它弄坏了。
item_device.descr_blaster,"When activated, this device blasts one visible hostile creature with infernal power.",启动后，这个装置会用地狱之力轰击一个可见的敌对生物。
item_device.descr_force_field,"When activated, this device constructs a temporary opaque barrier around the user, blocking all physical matter. The barrier can only be created in empty spaces (i.e. not in spaces occupied by creatures, walls, etc).",启动后，这个装置会在使用者周围构建一道临时的不透明屏障，阻挡所有物质。屏障只能在空地中生成（即没有生物、墙壁等占据的空间）。
item_device.descr_rejuvenator,"When activated, this device heals all wounds and physical maladies. The procedure is very painful and invasive however, and causes great shock to the user.",启动后，这个装置会治愈所有伤口和身体疾病。然而，这个过程非常痛苦且侵入性很强，并会给使用者带来巨大的精神震惊。
item_device.descr_sentry_drone,"When activated, this device will ""come alive"" and guard the user.",启动后，这个装置会“活过来”并守卫使用者。
item_device.descr_translocator,"When activated, this device teleports all visible enemies to different locations.",启动后，这个装置会将所有可见敌人传送到不同位置。
item_device.electric_jolt,It hits me with a jolt of electricity!,它用一阵电击击中了我！
item_device.ellipsis,...,...
item_device.history_comprehended_prefix,Comprehended ,理解了
item_device.hums_prefix,The ,那件
item_device.hums_suffix, hums ominously.,发出不祥的嗡鸣。
item_device.identified_prefix,I have identified ,我已经辨识出了
item_device.name_info_breaking,(breaking),（将坏）
item_device.name_info_fine,(fine),（良好）
item_device.name_info_shoddy,(shoddy),（粗劣）
item_device.peruse_area,It seems to peruse area.,它似乎在查看周围区域。
item_device.repairs_body,It repairs my body.,它修复了我的身体。
item_device.sentry_awakes,The Sentry Drone awakens!,哨戒无人机苏醒了！
item_device.suddenly_stops,It suddenly stops.,它突然停止了。
item_device.teleported_suffix, is teleported.,被传送了。
item_explosive.already_holding,I am already holding ,我已经拿着
item_explosive.dynamite_explodes,The dynamite explodes in my hand!,炸药在我手里爆炸了！
item_explosive.dynamite_falls,The lit Dynamite stick falls from my hand!,点燃的炸药从我手中掉落！
item_explosive.flare_extinguished,The flare is extinguished.,照明棒熄灭了。
item_explosive.flare_falls,The lit Flare falls from my hand!,点燃的照明棒从我手中掉落！
item_explosive.hear_explosion,I hear an explosion!,我听到了一声爆炸！
item_explosive.ignite_smoke_grenade,I ignite a smoke grenade.,我点燃了一枚烟雾手雷。
item_explosive.light_dynamite,I light a dynamite stick.,我点燃了一根炸药。
item_explosive.light_flare,I light a Flare.,我点燃了一支照明棒。
item_explosive.light_molotov,I light a Molotov Cocktail.,我点燃了一瓶燃烧瓶。
item_explosive.light_query,Light ,点燃
item_explosive.molotov_about_to_explode,The Molotov Cocktail is about to explode!,燃烧瓶就要爆炸了！
item_explosive.molotov_explodes,The Molotov Cocktail explodes in my hand!,燃烧瓶在我手里爆炸了！
item_explosive.molotov_falls,The lit Molotov Cocktail falls from my hand!,点燃的燃烧瓶从我手中掉落！
item_explosive.molotov_soon_explode,The Molotov Cocktail will soon explode.,燃烧瓶很快就会爆炸。
item_explosive.not_while_burning,Not while burning.,燃烧时不能这么做。
item_explosive.query_suffix,? ,？
item_explosive.smoke_grenade_extinguished,The smoke grenade is extinguished.,烟雾手雷熄灭了。
item_explosive.smoke_grenade_falls,The ignited smoke grenade falls from my hand!,点燃的烟雾手雷从我手中掉落！
item_explosive.throw_lit_dynamite,I throw a lit dynamite stick.,我投掷了一根点燃的炸药。
item_explosive.throw_lit_flare,I throw a lit flare.,我投掷了一支点燃的照明棒。
item_explosive.throw_lit_molotov,I throw a lit Molotov Cocktail.,我投掷了一瓶点燃的燃烧瓶。
item_explosive.throw_smoke_grenade,I throw a smoke grenade.,我投掷了一枚烟雾手雷。
item_head.expires_prefix,My ,我的
item_head.expires_suffix, expires.,失效了。
item_head.turns_left_prefix,(,（
item_head.turns_left_suffix, turns),回合）
item_misc.astral_opium.use_prefix,I use the ,我使用了
item_misc.astral_opium.use_suffix,...,……
item_misc.clockwork.nothing_happens,Nothing happens.,什么也没发生。
item_misc.clockwork.will_not_move,It will not move.,它不会动。
item_misc.clockwork.wind_up,I wind up the clockwork.,我上紧了发条装置。
item_misc.fluctuating_material.gain_trait_title,Which trait do you gain?,你要获得哪项特质？
item_misc.fluctuating_material.stare_prefix,I stare into the ,我凝视着
item_misc.fluctuating_material.stare_suffix,", and feel myself changing...",，感觉自己正在改变……
item_misc.holy_symbol.failed_suffix,", failed",，失败
item_misc.holy_symbol.feels_useless,This feels useless!,这感觉毫无用处！
item_misc.holy_symbol.no_faith,I have no faith that this would help me at the moment.,此刻我没有信念相信这会对我有所帮助。
item_misc.holy_symbol.prayer_prefix,I make a prayer over the ,对着
item_misc.holy_symbol.prayer_suffix,...,做祈祷……
item_misc.holy_symbol.recharged_prefix,I feel like praying over the ,我感觉再次对着
item_misc.holy_symbol.recharged_suffix, would be beneficent again.,祈祷会有益处。
item_misc.holy_symbol.trembling_hands,With trembling hands ,我用颤抖的双手
item_misc.horn.banishment_resounds,The Horn of Banishment resounds!,放逐号角响彻四方！
item_misc.horn.malice_resounds,The Horn of Malice resounds!,恶意号角响彻四方！
item_misc.horn.no_sound,It makes no sound.,它没有发出声音。
item_misc.info.close_paren,),）
item_misc.info.open_paren,(,（
item_misc.info.turns_suffix, turns,回合
item_misc.info.uses_suffix, uses),次）
item_misc.lantern.expired,My Electric Lantern has expired.,我的电提灯耗尽了。
item_misc.lantern.expired_history,My Electric Lantern expired,我的电提灯耗尽了
item_misc.lantern.lit_suffix,", Lit",，亮着
item_misc.lantern.turn_off,I turn off an Electric Lantern.,我关掉了电提灯。
item_misc.lantern.turn_on,I turn on an Electric Lantern.,我打开了电提灯。
item_misc.medical_bag.available_supplies,Available supplies: ,可用物资：
item_misc.medical_bag.choice_quick_patch_prefix,"(q) Quick patch-up, restores ",（q）快速包扎，恢复
item_misc.medical_bag.choice_quick_patch_suffix, hit points ,点生命值
item_misc.medical_bag.choice_sanitize_infection,(s) Sanitize infection ,（s）处理感染
item_misc.medical_bag.choice_treat_wound,(w) Treat wound ,（w）处理伤口
item_misc.medical_bag.continue_turns_prefix, (,（还剩
item_misc.medical_bag.continue_turns_suffix, turns left)? ,回合）？
item_misc.medical_bag.continue_using_prefix,Continue using ,继续使用
item_misc.medical_bag.cost_suffix,),）
item_misc.medical_bag.cost_supplies_prefix,(supplies: ,（消耗：
item_misc.medical_bag.cost_turns_prefix,", turns: ",，回合：
item_misc.medical_bag.healing_disrupted,My healing is disrupted.,我的治疗被打断了。
item_misc.medical_bag.info_supplies_suffix, supplies),份）
item_misc.medical_bag.no_minor_injuries,There are no minor injuries to patch up.,没有轻微伤口可处理。
item_misc.medical_bag.no_use,It is of no use to me.,它对我毫无用处。
item_misc.medical_bag.no_wounds,I have no wounds to treat.,我没有伤口可处理。
item_misc.medical_bag.not_enough_supplies,I do not have enough medical supplies.,我的医疗用品不够。
item_misc.medical_bag.not_infected,I am not infected.,我没有感染。
item_misc.medical_bag.nothing_to_treat,There is nothing to treat.,没有什么可处理的。
item_misc.medical_bag.ran_out_history,Ran out of medical supplies,医疗用品用完了
item_misc.medical_bag.select_treatment,Select treatment,选择治疗
item_misc.medical_bag.start_quick_patch,I patch up some minor injuries.,我处理了一些轻微的伤口
item_misc.medical_bag.start_sanitize_infection,I start to sanitize an infection,我开始处理一处感染
item_misc.medical_bag.start_treat_wound,I start treating a wound,我开始处理一处伤口
item_misc.medical_bag.turns_prefix, (,（
item_misc.medical_bag.turns_suffix, turns)...,回合）...
item_misc.necronomicon.destroy,I destroy the profane text!,我摧毁了这亵渎的文本！
item_misc.trapezohedron.beheld_history,Beheld The Shining Trapezohedron,目睹闪耀的偏方三八面体
item_misc.witch_eye.clutch_prefix,I clutch the ,我紧握着
item_misc.witch_eye.clutch_suffix,...,……
item_misc.witch_eye.decomposes,The eye decomposes.,那只眼睛腐烂了。
item_potion.appearance_black,Black,黑色
item_potion.appearance_bloody,Bloody,血色
item_potion.appearance_clear,Clear,透明
item_potion.appearance_clotted,Clotted,凝块状
item_potion.appearance_dark,Dark,暗色
item_potion.appearance_fiery,Fiery,火红
item_potion.appearance_frothy,Frothy,泡沫状
item_potion.appearance_golden,Golden,金色
item_potion.appearance_green,Green,绿色
item_potion.appearance_magenta,Magenta,品红色
item_potion.appearance_metallic,Metallic,金属色
item_potion.appearance_misty,Misty,雾状
item_potion.appearance_moldy,Moldy,霉斑
item_potion.appearance_muddy,Muddy,泥色
item_potion.appearance_murky,Murky,浑浊
item_potion.appearance_oily,Oily,油状
item_potion.appearance_orange,Orange,橙色
item_potion.appearance_slimy,Slimy,黏滑
item_potion.appearance_smoky,Smoky,烟雾状
item_potion.appearance_violet,Violet,紫罗兰色
item_potion.appearance_watery,Watery,水状
item_potion.appearance_yellow,Yellow,黄色
item_potion.are, are ,是
item_potion.article_a_space,a ,__EMPTY__
item_potion.article_an_space,an ,__EMPTY__
item_potion.benign,Benign,良性
item_potion.blindness_descr,Causes temporary loss of vision.,导致暂时失去视觉。
item_potion.blindness_name,Blindness,失明
item_potion.blinking_descr,"Causes the consumer to rapidly fade away from existence, and reappear again at a nearby position of their choosing.",使饮用者快速从现实中淡出，并在自己选择的附近位置重新出现。
item_potion.blinking_name,Blinking,闪现
item_potion.burrowing_descr,"Infused with the alchemically treated blood of Chthonians, it grants the consumer the ability to burrow through earth and rock (can burrow through walls and rubble).",注入了经过炼金处理的钻地魔血液，赋予饮用者穿过泥土和岩石掘进的能力（可以穿过墙壁和瓦砾）。
item_potion.burrowing_name,Burrowing,掘地
item_potion.carapace_descr,"Causes a tough carapace to grow over the consumer's skin providing protection against physical attacks (+3 armor points), as well as some resistance against burning (+25% chance to resist burning).",使坚硬的甲壳覆盖饮用者的皮肤，提供对物理攻击的防护（+3 护甲点），并获得一些燃烧抗性（+25% 抵抗燃烧几率）。
item_potion.carapace_name,Carapace,甲壳
item_potion.confusion_descr,Causes confusion.,导致混乱。
item_potion.confusion_name,Confusion,混乱
item_potion.curing_descr,"Restores 3 hit points, and cures blindness, deafness, poisoning, infections, disease and weakening.",恢复 3 点生命值，并治愈失明、失聪、中毒、感染、疾病和虚弱。
item_potion.curing_name,Curing,治疗
item_potion.descent_descr,A bizarre liquid that causes the consumer to dematerialize and sink through the ground.,一种奇异液体，会让饮用者非物质化并沉入地下。
item_potion.descent_name,Descent,下沉
item_potion.disease_descr,Causes disease.,导致疾病。
item_potion.disease_name,Disease,疾病
item_potion.drink_prefix,I drink ,我喝下了
item_potion.drink_unknown_prefix,I drink an unknown ,我喝下了一瓶未知的
item_potion.ellipsis,...,...
item_potion.fade_out_and_reappear,I fade out of existence and reappear.,我从现实中淡出，然后又重新出现。
item_potion.feel_fine,I feel fine.,我感觉很好。
item_potion.feel_insightful,I feel insightful.,我感到洞察力涌现。
item_potion.feel_like_prefix,I feel like ,我觉得
item_potion.feel_more_at_ease,I feel more at ease.,我感到安心多了。
item_potion.fortitude_descr,Gives the consumer complete peace and clarity of mind.,给予饮用者完全的平静与清明。
item_potion.fortitude_name,Fortitude,坚韧
item_potion.history_identified_prefix,Identified ,辨识了
item_potion.identified_prefix,I have identified ,我已经辨识出了
item_potion.insight_descr,This strange concoction causes a sudden flash of intuition.,这种奇异的混合物会带来一阵突如其来的直觉闪现。
item_potion.insight_name,Insight,洞察
item_potion.keep_it_for_a_while,Perhaps keeping it for a while will reveal something about it.,也许先留着它一会儿会让人看出一些端倪。
item_potion.malign,Malign,恶性
item_potion.paralyzation_descr,Causes paralysis.,导致麻痹。
item_potion.paralyzation_name,Paralyzation,麻痹
item_potion.period,.,。
item_potion.poison_descr,A sinister brew.,一剂邪恶的药水。
item_potion.poison_name,Poison,毒
item_potion.real_name_a_prefix,a Potion of ,药水：
item_potion.real_name_plural_prefix,Potions of ,药水：
item_potion.real_name_prefix,Potion of ,药水：
item_potion.resistance_descr,"Completely protects the consumer from electricity, fire and poison - and also prevents paralysis.",完全保护饮用者免受电击、火焰和毒素伤害，并且防止麻痹。
item_potion.resistance_name,Resistance,抗性
item_potion.shatters_on_prefix,The potion shatters on ,药水在
item_potion.sinking_sensation_disappears,"I feel a faint sinking sensation, but it soon disappears...",我感到一阵微弱的下沉感，但很快就消失了……
item_potion.skill_descr,"The consumer becomes more skillful (+10% to hit chance, evasion, stealth, and searching).",饮用者变得更加熟练（命中率、闪避、潜行和搜索 +10%）。
item_potion.skill_name,Skill,技艺
item_potion.spirit_descr,Fully restores the spirit.,完全恢复精神。
item_potion.spirit_name,Spirit,精神
item_potion.this_potion_is,This potion is ,这瓶药水是
item_potion.unidentified_plural_suffix, Potions,药水
item_potion.unidentified_suffix, Potion,药水
item_potion.vitality_descr,"This elixir fully restores all hit points, heals all wounds, and cures blindness, deafness, poisoning, infections, disease and weakening. Also, for some duration after consuming the potion, +1 extra hit point is healed per turn, and there is 10% chance per turn to heal one wound.",这种灵药会完全恢复所有生命值，治疗所有伤口，并治愈失明、失聪、中毒、感染、疾病和虚弱。此外，饮用药水后的一段时间内，每回合会额外恢复 1 点生命值，并且每回合有 10% 几率治疗一个伤口。
item_potion.vitality_name,Vitality,生命力
item_rod.a_rod_of_prefix,a Rod of ,魔杖：
item_rod.activate_prefix,I activate ,我激活了
item_rod.cloud_minds_descr,"When activated, this device clouds the memories of all creatures in the area, causing them to forget the presence of the user.",激活时，此装置会让区域内所有生物的记忆变得模糊，使它们忘记使用者的存在。
item_rod.cloud_minds_name,Cloud Minds,心智迷雾
item_rod.deafening_descr,"When activated, this device causes temporary deafness in all creatures in a large area, except for the user.",激活时，此装置会让大范围内所有生物暂时失聪，使用者除外。
item_rod.deafening_name,Deafening,失聪
item_rod.displacement_descr,"When activated, this device moves the user a short distance.",激活时，此装置会将使用者短距离移动。
item_rod.displacement_name,Displacement,置换
item_rod.door_appears,A door appears!,一扇门出现了！
item_rod.ellipsis,...,...
item_rod.finished_charging_prefix,The ,那根
item_rod.finished_charging_suffix, has finished charging.,已经充能完毕。
item_rod.gateways_descr,"When activated, this device materializes an entryway somewhere in an adjacent surface.",激活时，此装置会在相邻表面的某处实体化一道入口。
item_rod.gateways_name,Gateways,传送门
item_rod.history_identified_prefix,Identified ,辨识了
item_rod.identified_prefix,I have identified ,我已经辨识出了
item_rod.is_hit, is hit!,被击中！
item_rod.look_chromium,Chromium,铬
item_rod.look_chromium_a,a Chromium,铬
item_rod.look_cobalt,Cobalt,钴
item_rod.look_cobalt_a,a Cobalt,钴
item_rod.look_copper,Copper,铜
item_rod.look_copper_a,a Copper,铜
item_rod.look_gallium,Gallium,镓
item_rod.look_gallium_a,a Gallium,镓
item_rod.look_golden,Golden,金
item_rod.look_golden_a,a Golden,金
item_rod.look_iron,Iron,铁
item_rod.look_iron_a,an Iron,铁
item_rod.look_lead,Lead,铅
item_rod.look_lead_a,a Lead,铅
item_rod.look_lithium,Lithium,锂
item_rod.look_lithium_a,a Lithium,锂
item_rod.look_magnesium,Magnesium,镁
item_rod.look_magnesium_a,a Magnesium,镁
item_rod.look_nickel,Nickel,镍
item_rod.look_nickel_a,a Nickel,镍
item_rod.look_platinum,Platinum,铂
item_rod.look_platinum_a,a Platinum,铂
item_rod.look_silver,Silver,银
item_rod.look_silver_a,a Silver,银
item_rod.look_tin,Tin,锡
item_rod.look_tin_a,a Tin,锡
item_rod.look_titanium,Titanium,钛
item_rod.look_titanium_a,a Titanium,钛
item_rod.look_tungsten,Tungsten,钨
item_rod.look_tungsten_a,a Tungsten,钨
item_rod.look_zinc,Zinc,锌
item_rod.look_zinc_a,a Zinc,锌
item_rod.look_zirconium,Zirconium,锆
item_rod.look_zirconium_a,a Zirconium,锆
item_rod.mist_descr,"When activated, this device alters the atmosphere in order to cover the user in a dense mist. The mist is also strangely soothing (-10% temporary shock).",激活时，此装置会改变大气，把使用者包裹在浓雾中。雾还会带来一种奇怪的舒缓效果（临时疯狂值 -10%）。
item_rod.mist_name,Mist,薄雾
item_rod.nothing_happens,Nothing happens.,什么也没有发生。
item_rod.opening_descr,"When activated, this device opens all locks, lids and doors in the surrounding area (except heavy doors operated externally by a switch).",激活时，此装置会打开周围区域内所有的锁、盖子和门（除了由开关从外部操作的重型门）。
item_rod.opening_name,Opening,开启
item_rod.rod_of_prefix,Rod of ,魔杖：
item_rod.rod_suffix, Rod,魔杖
item_rod.rods_of_prefix,Rods of ,魔杖：
item_rod.rods_suffix, Rods,魔杖
item_rod.shockwave_descr,"When activated, this device generates a shock wave which violently pushes away any adjacent creatures and destroys structures.",激活时，此装置会生成一道震荡波，猛烈推开相邻的任何生物并摧毁结构。
item_rod.shockwave_name,Shockwave,震荡波
item_rod.sleep_descr,"When activated, this device selects a single nearby seen creature, and attempts to hypnotize it, putting them to sleep if susceptible. It is unknown how the target selection works.",激活时，此装置会选择一个附近可见的生物，并尝试催眠它，若其脆弱则使其沉睡。其目标选择方式尚不清楚。
item_rod.sleep_name,Sleep,沉睡
item_rod.still_charging_prefix,The ,那根
item_rod.still_charging_suffix, is still charging.,仍在充能。
item_rod.tried,(Tried),（已试）
item_rod.triggers_shock_wave,It triggers a shock wave around me.,它触发了我周围的震荡波。
item_rod.turns_left_open,(,（
item_rod.turns_left_suffix, turns),回合）
item_rod.unbinding_descr,"When activated, this device breaks the user free from any bonds (entangled, stuck, nailed), and ends slowing.",激活时，此装置会让使用者摆脱任何束缚（缠绕、卡住、钉住），并结束减速。
item_rod.unbinding_name,Unbinding,解缚
item_rod.vanish_from_minds,I vanish from the minds of my enemies.,我从敌人的记忆中消失了。
item_rod.vapor_envelops,A shroud of vapor envelops me.,一层水汽将我笼罩。
item_scroll.a_manuscript_of_prefix,a Manuscript of ,一份
item_scroll.a_manuscript_of_suffix,__EMPTY__,手稿
item_scroll.a_manuscript_titled_prefix,a Manuscript titled ,一份题为
item_scroll.a_manuscript_titled_suffix,__EMPTY__,的手稿
item_scroll.destroy_profane_prefix,I destroy the profane ,我摧毁了亵渎的
item_scroll.domain_reveal_mid, belong to the ,属于
item_scroll.domain_reveal_prefix,I feel like ,我觉得
item_scroll.domain_reveal_suffix, domain.,领域。
item_scroll.ellipsis,...,...
item_scroll.exclaim,!,！
item_scroll.fake_name.acerbus_shatruex,Acerbus-shatruex,Acerbus-shatruex
item_scroll.fake_name.bhuudesco,Bhuudesco,Bhuudesco
item_scroll.fake_name.bhuuesco,Bhuuesco,Bhuuesco
item_scroll.fake_name.cruensseasrjit,Cruensseasrjit,Cruensseasrjit
item_scroll.fake_name.cruento_pestis,Cruento Pestis,Cruento Pestis
item_scroll.fake_name.cruo_stragara_na,Cruo stragara-na,Cruo stragara-na
item_scroll.fake_name.domus_bhaava,Domus-bhaava,Domus-bhaava
item_scroll.fake_name.durbentia,Durbentia,Durbentia
item_scroll.fake_name.geropayati,Geropayati,Geropayati
item_scroll.fake_name.infirmux,Infirmux,Infirmux
item_scroll.fake_name.lokemundux,Lokemundux,Lokemundux
item_scroll.fake_name.maravita,Maravita,Maravita
item_scroll.fake_name.pestis_cruento,Pestis Cruento,Pestis Cruento
item_scroll.fake_name.praansilenux,Praansilenux,Praansilenux
item_scroll.fake_name.praya_navita,Praya navita,Praya navita
item_scroll.fake_name.pretaanluxis,Pretaanluxis,Pretaanluxis
item_scroll.fake_name.pretia_cruento,Pretia Cruento,Pretia Cruento
item_scroll.fake_name.profanuxes,Profanuxes,Profanuxes
item_scroll.fake_name.quodpipax,Quodpipax,Quodpipax
item_scroll.fake_name.rudminuox,Rudminuox,Rudminuox
item_scroll.fake_name.rudsceleratus,Rudsceleratus,Rudsceleratus
item_scroll.fake_name.shaantitus,Shaantitus,Shaantitus
item_scroll.fake_name.vilomaxus,Vilomaxus,Vilomaxus
item_scroll.fake_word.barada,Barada,Barada
item_scroll.fake_word.bibox,Bibox,Bibox
item_scroll.fake_word.caecux,Caecux,Caecux
item_scroll.fake_word.crudux,Crudux,Crudux
item_scroll.fake_word.cruentu,Cruentu,Cruentu
item_scroll.fake_word.cruo,Cruo,Cruo
item_scroll.fake_word.cruonit,Cruonit,Cruonit
item_scroll.fake_word.desco,Desco,Desco
item_scroll.fake_word.domus,Domus,Domus
item_scroll.fake_word.esco,Esco,Esco
item_scroll.fake_word.eximha,Eximha,Eximha
item_scroll.fake_word.gero,Gero,Gero
item_scroll.fake_word.invisuu,Invisuu,Invisuu
item_scroll.fake_word.invisux,Invisux,Invisux
item_scroll.fake_word.klaatu,Klaatu,Klaatu
item_scroll.fake_word.malax,Malax,Malax
item_scroll.fake_word.marana,Marana,Marana
item_scroll.fake_word.nikto,Nikto,Nikto
item_scroll.fake_word.odiosuu,Odiosuu,Odiosuu
item_scroll.fake_word.odiosux,Odiosux,Odiosux
item_scroll.fake_word.pallex,Pallex,Pallex
item_scroll.fake_word.profanx,Profanx,Profanx
item_scroll.fake_word.vigra,Vigra,Vigra
item_scroll.fake_word.vorox,Vorox,Vorox
item_scroll.history_identified_prefix,Identified ,辨识了
item_scroll.identified_prefix,I have identified ,我已经辨识出了
item_scroll.keep_to_reveal,Perhaps keeping it for a while will reveal something about it.,也许带着它一段时间，会揭示一些关于它的事情。
item_scroll.manuscript_crumbles,The Manuscript crumbles to dust.,手稿化为了灰烬。
item_scroll.manuscript_of_prefix,Manuscript of ,__EMPTY__
item_scroll.manuscript_of_suffix,__EMPTY__,手稿
item_scroll.manuscript_titled_prefix,Manuscript titled ,题为
item_scroll.manuscript_titled_suffix,__EMPTY__,的手稿
item_scroll.manuscripts_of_prefix,Manuscripts of ,__EMPTY__
item_scroll.manuscripts_of_suffix,__EMPTY__,手稿
item_scroll.manuscripts_titled_prefix,Manuscripts titled ,题为
item_scroll.manuscripts_titled_suffix,__EMPTY__,的手稿
item_scroll.read_prefix,I read ,我阅读了
item_scroll.recite_forbidden,I recite the forbidden incantations on the manuscript...,我念诵了卷轴上被禁止的咒文...
item_scroll.text_plural,texts,文本
item_scroll.text_singular,text,文本
item_scroll.too_dark,It's too dark to read here.,这里太黑了，无法阅读。
item_weapon.assailed_by_dark_energy_suffix, is assailed by dark energy.,被黑暗能量袭击了。
item_weapon.bows_before_me_suffix, bows before me.,向我俯首。
item_weapon.energy_feed_prefix,The ,这把
item_weapon.energy_feed_suffix, feeds on my energy!,汲取了我的能量！
item_weapon.looks_shocked_suffix, looks shocked!,看起来震惊了！
item_weapon.unseen_target_it,It,它
knockback.mon_knocked_back_suffix, is knocked back!,被击退了！
knockback.mon_perish_depths_suffix, perishes in the depths.,坠入深渊而亡。
knockback.player_knocked_back,I am knocked back!,我被击退了！
knockback.player_perish_depths,I perish in the depths!,我坠入深渊而亡！
main_menu.escape_to_reality,(E)Escape to Reality,(E)逃回现实
main_menu.graveyard,(G)Graveyard,(G)墓园
main_menu.new_journey,(N)New Journey,(N)新的旅程
main_menu.no,(N)o,(N)否
main_menu.no_saved_game_found,No saved game found,未找到存档
main_menu.options,(O)Options,(O)选项
main_menu.resurrect,(R)Resurrect,(R)复活
main_menu.saved_game_exists_msg,Start a new game?,要开始新的游戏吗？
main_menu.saved_game_exists_title,A saved game exists,已有存档
main_menu.tome_of_wisdom,(T)Tome of Wisdom,(T)智慧之书
main_menu.yes,(Y)es,(Y)是
manual.browsing_title,Browsing manual,浏览手册
manual.menu_key_prefix,(,（
manual.menu_key_suffix,),）
map.item_legend,Item,物品
map_controller.deep_one_lair_intro,"The walls here are slick with dampness, and the air is heavy with the stench of saltwater and the unmistakable odor of decay. I can feel the humidity on my skin, and my breaths come out in shallow gasps. 

There are tunnels leading deeper into underground waterways, but I can only guess where they might lead. It's as if the entire cave system is interconnected, with passages that could possibly lead to the depths of the ocean or subterranean lakes and rivers.","这里的墙壁因潮湿而滑腻，空气中充满盐水和明显的腐烂气味。我能感觉湿气贴在皮肤上，呼吸也变得短促。

有隧道通向更深的地下水道，但我只能猜测它们会通往哪里。整个洞穴系统仿佛彼此相连，通道可能通向海洋深处，或地下湖泊与河流。"
map_controller.egypt_intro,"As I make my way into the depths, I'm taken aback by the sudden change in surroundings. The ancient architecture of this chamber is unlike anything I've seen before, with intricate hieroglyphs carved into the stone walls.

The air is thick with the scent of sand and an unfamiliar incense, giving the impression of being transported to another time and place. The silence is oppressive, broken only by the sound of my footsteps echoing on the stone floor.

As I look closer at the carvings, I can't help but wonder about the civilization that created them. Who were they, and how did they manage to build something like this deep underground?","当我深入地下时，周围环境突然变化令我吃了一惊。这个房间里的古老建筑和我见过的一切都不同，石墙上刻满了复杂的象形文字。

空气中弥漫着沙土和陌生熏香的气味，让人感觉仿佛被带到了另一个时代和地点。沉默令人窒息，只有我的脚步声在石地板上回荡。

当我更仔细地看着这些雕刻时，我忍不住想知道创造它们的文明。他们是谁，又是如何在这么深的地下建造出这样的东西？"
map_controller.ground_rumbles,The ground rumbles...,地面隆隆作响……
map_controller.long_sound_warning,I hear faint echoes in the distance. Every sound here seems to carry further - I'll need to tread carefully.,我听到远处传来微弱的回声。这里的每个声音似乎都传得更远 - 我需要小心行走。
map_controller.mid_game_horror,It goes on forever! This cannot be real! I feel like I am walking in a dream; The horror is utterly crushing.,它无穷无尽！这不可能是真的！我感觉自己像是在梦中行走；恐怖感压得人喘不过气。
map_controller.mid_game_warning,"I did not expect this place to run this deep, it is not possible! Also there are unmistakable signs of an ancient civilization, defying all logic and reason!

The way back seems lost somehow, could I ever return even if I wanted to?","没想到这个地方会延伸得这么深，这不可能！而且这里有明显的古代文明迹象，完全违背逻辑和理性！

回去的路似乎不知为何已经迷失了，就算我想回去，我还能回去吗？"
map_controller.presence_known,I feel like my presence here is known!,我感觉这里知道了我的存在！
map_mode_gui.alt_wpn_label,Alt,备用
map_mode_gui.armor_label,Armor,护甲
map_mode_gui.dark_area,DARK AREA,黑暗区域
map_mode_gui.depth_label,Depth,深度
map_mode_gui.fervor_label,Fervor,热忱
map_mode_gui.gj_mode_enabled,GJ MODE ENABLED,GJ模式开启
map_mode_gui.health_label,Health,生命
map_mode_gui.insanity_label,Insanity,疯狂
map_mode_gui.lantern_label,Lantern,提灯
map_mode_gui.level_label,Level,等级
map_mode_gui.medical_supplies_label,Med Suppl,医疗品
map_mode_gui.none,None,无
map_mode_gui.shock_label,Shock,震惊
map_mode_gui.spirit_label,Spirit,精神
map_mode_gui.turn_label,Turn,回合
map_mode_gui.weight_label,Weight,负重
map_mode_gui.wpn_label,Wpn,武器
map_travel.discovered_new_area,I have discovered a new area.,我发现了一个新区域。
map_travel.phobia_deep_places,I am plagued by my phobia of deep places!,我被对深处的恐惧所折磨！
map_travel.reached_dlvl_prefix,Reached dungeon level ,到达了地下层级
map_travel.sinking_feeling_disappears,My sinking feeling disappears.,那种下沉般的不祥感消失了。
marker.control_object.cannot_control_here,I cannot control any object here.,我无法控制这里的任何物体。
marker.control_object.choose_another_position,"(space, esc) Choose another position","(space, esc) 选择另一个位置"
marker.control_object.close_prefix,(c) Close ,(c)关闭
marker.control_object.control_prefix,[enter] to control ,[enter] 控制
marker.control_object.deactivate_crystal,(d) Deactivate crystal,(d)停用水晶
marker.control_object.deactivated_suffix, is deactivated.,被停用了。
marker.control_object.destroy_prefix,(w) Destroy ,(w)摧毁
marker.control_object.distance_prefix,Distance: ,距离：
marker.control_object.distance_separator,/,/
marker.control_object.distance_too_great,The distance is too great.,距离太远了。
marker.control_object.distance_too_small,The distance is too small.,距离太近了。
marker.control_object.jam_prefix,(c) Jam ,(c)堵住
marker.control_object.jammed_suffix, is jammed.,被堵住了。
marker.control_object.no_vision_here,I have no vision here.,我在这里没有视野。
marker.control_object.nothing_happens,Nothing happens.,什么也没发生。
marker.control_object.open_prefix,(o) Open ,(o)打开
marker.control_object.period,.,。
marker.control_object.prevents_closing, prevents closing ,阻止关闭
marker.control_object.select_object,Select an object to control.,选择要控制的物体。
marker.control_object.something,Something,有什么东西
marker.control_object.strike_prefix,(w) Strike ,(w)攻击
marker.control_object.title,Control object,控制物体
marker.ctrl_tele.chance_success_suffix,% chance of success.,% 成功率。
marker.ctrl_tele.control_where,I can control where I teleport.,我可以控制传送的位置。
marker.ctrl_tele.failed,I failed to go there...,我没能去到那里……
marker.ctrl_tele.try_teleport_here,[enter] to try teleporting here,[enter] 尝试传送到这里
marker.period,.,。
marker.throw_prompt_suffix,] to throw ,] 投掷：
marker.throwing_prefix,Throwing ,正在投掷
msg_log.messages_of, of ,/
msg_log.messages_prefix,Messages ,消息
msg_log.no_message_history,No message history,没有消息历史
option.always_center_view.descr,"Keep the view centered on the player, otherwise only center when the player is near the edge of the view.",将视图始终保持在玩家身上，否则仅在玩家接近视图边缘时才居中。
option.always_center_view.name,Always center view,始终居中视图
option.always_warn_monster.descr,"Always warn when a monster appears in view (and no other monster is already seen), otherwise only warn while performing long actions like treating wounds.",当有怪物出现在视野中时总是警告（且没有其他怪物已被看见），否则只在进行长动作时警告，例如处理伤口。
option.always_warn_monster.name,Always warn monster appears,总是警告怪物出现
option.any_key_confirm_more.descr,"Any key confirms ""[space]"" prompts in the message log (which can happen for example when a monster appears as a warning to the player), otherwise only space (and a few other keys) confirms these prompts. Keeping the option disabled is safer.",任意键都可以确认消息记录中的“更多”提示（例如当怪物出现并向玩家发出警告时）。否则只有空格键（以及少数其他按键）可以确认这些提示。保留此选项关闭更安全。
option.any_key_confirm_more.name,Any key to proceed,任意键继续
option.audio_buffer_size.descr,"Lower values decrease latency, but may cause sound crackling (audio buffer underruns) on devices with slow CPU.
Increase it to get smoother sound, but with the cost of increasing sound delay.",较低的值会降低延迟，但在 CPU 较慢的设备上可能导致声音破裂（音频缓冲欠载）。提高此值可获得更平滑的声音，但会增加声音延迟。
option.audio_buffer_size.name,Audio buffer size,音频缓冲大小
option.audio_volume_level.descr,Master volume control (0-100%).,主音量控制（0-100%）。
option.audio_volume_level.name,Audio volume level,音频音量级别
option.auto_reload_weapons.descr,Automatically perform a reload action instead if attempting to fire a ranged weapon with no ammo loaded.,如果试图在没有装填弹药的情况下开火，则自动执行装填动作。
option.auto_reload_weapons.name,Auto reload weapons,自动装填武器
option.auto_select_menu.descr,"If disabled, pressing a letter key while in a menu only jumps to that position, and a second press (or enter) is required to select it (this is only applicable for menus where the options have descriptions, such as the trait selection menu). If enabled, pressing a letter immediately selects that entry.",如果关闭，在菜单中按字母键只会跳转到对应位置，必须再次按键或回车才能选中该项（这只适用于带说明文字的菜单，例如特质选择菜单）。如果启用，按下字母会立即选择该项。
option.auto_select_menu.name,Auto select menu entries,自动选择菜单项
option.base_delay.descr,Base delay factor (ms) for animations. Higher values will make animations such as projectiles or explosions play slower.,动画的基础延迟因子（毫秒）。数值越高，投射物或爆炸等动画播放越慢。
option.base_delay.name,Base animation delay (ms),基础动画延迟（毫秒）
option.base_delay.query_title,Projectile delay,投射物延迟
option.brightness.descr,Change brightness of colors.,调整颜色亮度。
option.brightness.name,Brightness,亮度
option.display_health_bars.descr,Show health bars under creatures when not at full health.,在生物未满血时在其下方显示生命条。
option.display_health_bars.name,Display health bars,显示生命条
option.display_hints.descr,"Controls when in-game hints should be displayed. 

{COLOR_LIGHT_WHITE}Once per game:{color_reset} Show all hints once in each game session (and repeat them again in other sessions). 

{COLOR_LIGHT_WHITE}Once:{color_reset} Only show each hint once across all game sessions. 

{COLOR_LIGHT_WHITE}Never:{color_reset} Completely disable hints.",控制游戏提示的显示时机。{COLOR_LIGHT_WHITE}每局一次：{color_reset}在每次游戏会话中显示所有提示一次（并会在其他会话中再次显示）。{COLOR_LIGHT_WHITE}一次：{color_reset}在所有游戏会话中每条提示只显示一次。{COLOR_LIGHT_WHITE}从不：{color_reset}完全禁用提示。
option.display_hints.name,Display hints,显示提示
option.display_hints.never,Never,从不
option.display_hints.once,Once,一次
option.display_hints.once_per_game,Once per game,每局一次
option.double_click_fullscreen.descr,Double click anywhere to toggle fullscreen?,双击任意位置切换全屏？
option.double_click_fullscreen.name,Double click fullscreen,双击全屏
option.font.descr,Font used for text.,用于文本的字体。
option.font.name,Font,字体
option.fullscreen.descr,Run in fullscreen mode (borderless fullscreen window) or use resizable window. This can also be toggled by pressing Alt-Enter.,以全屏模式（无边框全屏窗口）或可调整大小窗口运行。也可以按 Alt-Enter 切换。
option.fullscreen.name,Fullscreen,全屏
option.hardware_acceleration.auto_select,Auto select,自动选择
option.hardware_acceleration.descr,"Use automatic selection (attempt to use hardware acceleration first, or use software fallback), or force using software renderer. If you experience any graphical issues, setting this option to ""Software"" may fix the problem.",使用自动选择（优先尝试硬件加速，否则使用软件回退），或强制使用软件渲染器。如果你遇到图形问题，将此选项设为“Software”可能有帮助。
option.hardware_acceleration.name,Use hardware acceleration,使用硬件加速
option.hardware_acceleration.software,Software,软件
option.input_mode.controller_support,Controller support,手柄支持
option.input_mode.descr,"Use any of the following input modes:

{COLOR_LIGHT_WHITE}Default:{color_reset} Numerical keypad or arrow keys

{COLOR_LIGHT_WHITE}Vi-keys:{color_reset} hjkl for orthogonal movement and yubn for diagonal movement.

{COLOR_LIGHT_WHITE}Controller support:{color_reset} Intended to be used for cases such as binding a controller stick to the numpad's 8 directional keys. Movement requires confirmation with the [Enter] key. Only pressing [Enter] issues a wait command.

See the game manual for more information on game input.","可以使用以下输入模式：

{COLOR_LIGHT_WHITE}默认：{color_reset} 数字小键盘或方向键

{COLOR_LIGHT_WHITE}Vi 键：{color_reset} hjkl 用于正交移动，yubn 用于斜向移动。

{COLOR_LIGHT_WHITE}手柄支持：{color_reset} 适用于例如将手柄摇杆绑定到小键盘 8 个方向键的情况。移动需要用 [Enter] 键确认。仅按 [Enter] 会执行等待命令。

有关输入的更多信息请参阅游戏手册。"
option.input_mode.name,Input mode,输入模式
option.input_mode.standard,Default,默认
option.input_mode.vi_keys,Vi-keys,Vi 键
option.language.descr,"Language used for menus, prompts and localized message files. English remains the fallback for missing translations.",用于菜单、提示和本地化消息文件的语言。缺失的翻译将回退到英文。
option.language.name,Language,语言
option.medical_bag_auto_choice.descr,"Automatically choose Medical Bag action, according to the following priority: 
1) Treat infection
2) Treat wound
3) Quick patch-up
If this option is disabled, the action is chosen in a popup menu instead.",按以下优先级自动选择医疗包动作：1）治疗感染 2）治疗伤口 3）快速包扎。如果关闭此选项，则会在弹出菜单中选择动作。
option.medical_bag_auto_choice.name,Auto medical bag choice,自动选择医疗包
option.play_ambient_sounds.descr,"If enabled, ambient sound effects such as howling wind or dripping water will occasionally be played.",启用后，类似风声或滴水的环境音效会偶尔播放。
option.play_ambient_sounds.name,Play ambient sounds,播放环境音效
option.preload_ambient_sounds.descr,"Load all ambient sound clips on game startup, otherwise load each sound individually when played for the first time (a small delay may occur when this happens).",在游戏启动时加载全部环境音效，否则在首次播放时逐个加载（此时可能会有轻微延迟）。
option.preload_ambient_sounds.name,Preload ambient sounds,预加载环境音效
option.skip_intro_level.descr,"Skip the introduction level. This level merely serves to provide a backstory and to set up the atmosphere, there are no gameplay benefits such as items or experience points that can be gained from playing through it.",跳过开场关卡。该关卡仅用于交代背景并营造氛围，通关它并不会获得物品或经验值等奖励。
option.skip_intro_level.name,Skip intro level,跳过开场关卡
option.skip_intro_popup.descr,Skip the story popup on the introduction level.,跳过开场关卡中的剧情提示。
option.skip_intro_popup.name,Skip intro popup,跳过开场剧情提示
option.text_mode_wall_symbol.descr,Symbol used for representing walls in text mode (when tiles are not used).,用于表示文本模式中的墙体符号（未使用瓦片时）。
option.text_mode_wall_symbol.filled_rectangle,Filled rectangle,实心矩形
option.text_mode_wall_symbol.hash_sign,Hash sign,井号
option.text_mode_wall_symbol.name,Text mode wall symbol,文本模式墙符号
option.use_tile_set.descr,"Use tile graphics to represent the game environment, otherwise use text symbols only.",使用瓦片图形表示游戏环境，否则仅使用文本符号。
option.use_tile_set.name,Use tile set,使用瓦片集
option.use_trap_color_when_obscured.descr,"If a trap is obscured by another object (e.g. an item), use the color of the specific trap type as background color to signify that there is a trap underneath the objct, otherwise use the same background color regardless of trap type.",如果陷阱被其他物体（例如物品）遮住，则使用该陷阱类型的颜色作为背景色，以表明下方有陷阱；否则无论陷阱类型都使用相同的背景色。
option.use_trap_color_when_obscured.name,Use trap color when obscured,遮挡时使用陷阱颜色
option.video_scale_factor.descr,Scale all graphics by this factor.,按此倍数缩放所有图形。
option.video_scale_factor.name,Video scale factor,视频缩放倍数
option.warn_drink_malign_potion.descr,Warn before drinking potions that are known to be malignant.,在饮用已知为恶性的药水前进行警告。
option.warn_drink_malign_potion.name,Warn malign potion,饮用恶性药水时警告
option.warn_light_explosives.descr,Warn before lighting explosives,在点燃爆炸物前进行警告。
option.warn_light_explosives.name,Warn lighting explosive,点燃爆炸物时警告
option.warn_ranged_weapon_melee.descr,"Warn if attempting to perform a close combat melee attack with a ranged weapon (such as a pistol), which is possible but perhaps unintended.",如果试图用远程武器（例如手枪）进行近战攻击，则发出警告；这种操作虽然可行，但可能并非本意。
option.warn_ranged_weapon_melee.name,Warn ranged weapon melee,近战使用远程武器时警告
option.warn_throw_valuable.descr,"Warn before throwing ""valuable"" items such as potions.",在投掷诸如药水之类的“贵重”物品前进行警告。
option.warn_throw_valuable.name,Warn throwing valuable item,投掷贵重物品时警告
options.submenu.audio,Audio,音频
options.submenu.audio_key,(A)udio,(A)音频
options.submenu.gameplay,Gameplay,游戏
options.submenu.gameplay_key,(G)ameplay,(G)游戏
options.submenu.input,Input,输入
options.submenu.input_key,(I)nput,(I)输入
options.submenu.video,Video,画面
options.submenu.video_key,(V)ideo,(V)画面
options.title,Options,选项
pickup.nothing_here,I see nothing to pick up here.,这里没有什么可捡的。
pickup.pick_up,I pick up ,我捡起了
pickup.unload,I unload ,我卸下了
player_bon.background.exorcist.bonus_trait_levels_and_separator,", and ",和
player_bon.background.exorcist.bonus_trait_levels_prefix,Gains a bonus trait at character levels ,在角色等级
player_bon.background.exorcist.bonus_trait_levels_separator,", ",、
player_bon.background.exorcist.bonus_trait_levels_suffix,.,时获得一个额外特质。
player_bon.background.exorcist.destroy_sacred_tools_descr,"Cannot use manuscripts, altars, monoliths, or gongs, but instead gains experience and fervor for destroying these (manuscripts are destroyed when picking them up). Fervor can be used for casting spells - these points are used automatically when there is not enough spirit points to cast from.",不能使用手稿、祭坛、独石或锣，而是通过摧毁它们获得经验和热忱（手稿会在拾取时被摧毁）。热忱可用于施放法术；当精神点不足以施放时，会自动消耗这些点数。
player_bon.background.exorcist.holy_symbol_descr,"Starts with a Holy Symbol, which can restore spirit points and grant resistance against mental shock and fear.",开局携带一个圣符，可恢复精神点，并赋予对精神震惊和恐惧的抗性。
player_bon.background.exorcist.title,Exorcist,驱魔者
player_bon.background.flagellant.blood_spell_shock_descr,-25% mental shock taken from casting memorized spells from the Blood domain.,施放已记忆的鲜血领域法术时，受到的精神震惊 -25%。
player_bon.background.flagellant.blood_upgrade_levels_and_separator, and ,和
player_bon.background.flagellant.blood_upgrade_levels_prefix,Specializes in spells belonging to the Blood domain. At character levels ,专精于鲜血领域法术。在角色等级
player_bon.background.flagellant.blood_upgrade_levels_suffix,", all spells belonging to this domain are cast at a higher skill level.",时，该领域的所有法术都以更高技能等级施放。
player_bon.background.flagellant.moribund_descr,"If health is reduced to 6 hit points or below when taking damage, the moribund status is applied for 5-7 turns (+3 melee damage, +30% melee hit chance, +3 armor points).",因受到伤害而生命值降至 6 点或以下时，会获得濒死状态 5-7 回合（+3 近战伤害、+30% 近战命中率、+3 护甲点）。
player_bon.background.flagellant.no_damage_shock_descr,No mental shock received for taking damage.,因受伤而受到的精神震惊为零。
player_bon.background.flagellant.title,Flagellant,鞭笞者
player_bon.background.flagellant.torture_collar_descr,"Wears a torture collar which cannot be taken off; walking requires extra turns, and stealth and evasion are reduced by 20%. However, wearing the collar hardens the Flagellant against physical suffering, armor is increased by 3 points.",佩戴无法取下的苦刑项圈；行走需要额外回合，潜行和闪避降低 20%。然而，佩戴项圈会让鞭笞者对肉体痛苦更加麻木，护甲增加 3 点。
player_bon.background.ghoul.corpse_feeding_descr,Does not regenerate hit points and cannot use medical equipment - instead heals by feeding on corpses (feeding is done by waiting on a corpse).,不会再生生命值，也不能使用医疗器械，而是通过吞食尸体来治疗（在尸体上等待即可吞食）。
player_bon.background.ghoul.darkness_shock_descr,-50% mental shock taken from seeing monsters and standing in darkness - but also only gains halved shock reduction from light.,因看见怪物和站在黑暗中受到的精神震惊 -50%，但从光照获得的震惊降低效果也减半。
player_bon.background.ghoul.darkvision_descr,Can see in darkness.,可以在黑暗中视物。
player_bon.background.ghoul.disease_immunity_descr,Is immune to disease and infections.,免疫疾病和感染。
player_bon.background.ghoul.frenzy_descr,"Can incite frenzy at will, and does not become weakened when frenzy ends.",可以随意激发狂暴，并且狂暴结束时不会变得虚弱。
player_bon.background.ghoul.ghoul_allies_descr,All ghouls are allied.,所有食尸鬼都是盟友。
player_bon.background.ghoul.hit_points_descr,+8 hit points.,+8 点生命值。
player_bon.background.ghoul.ranged_penalty_descr,-15% hit chance with firearms and thrown weapons.,使用火器和投掷武器时命中率 -15%。
player_bon.background.ghoul.sprain_immunity_descr,Does not get sprains.,不会扭伤。
player_bon.background.ghoul.title,Ghoul,食尸鬼
player_bon.background.occultist.bone_charms_descr,"Starts with several Bone Charms, that can be used for gaining spell resistance or dispelling sigils (""strange shape"" on the floor).",开局携带数个骨符，可用于获得法术抗性或驱散符印（地面上的“奇异形状”）。
player_bon.background.occultist.choose_domain_descr,"Chooses background in a specific spell domain at character creation, which determines starting spells.",在角色创建时选择一个特定法术领域作为背景，这会决定起始法术。
player_bon.background.occultist.domain.channeling_prefix,"You have previously dabbled in the channeling of violent energy, ",你曾涉猎暴烈能量的导引，
player_bon.background.occultist.domain.corruption_prefix,"You have previously dabbled in spells that wither and corrupt, ",你曾涉猎枯萎与腐化的法术，
player_bon.background.occultist.domain.illusion_prefix,"You have previously dabbled in the casting of illusions, ",你曾涉猎幻象的施放，
player_bon.background.occultist.domain.knowledge_prefix,and have basic knowledge of ,并对
player_bon.background.occultist.domain.knowledge_suffix,.,有基础了解。
player_bon.background.occultist.domain.mind_prefix,"You have previously dabbled in disciplines of revelation, foresight, and will, ",你曾涉猎启示、预见与意志的学科，
player_bon.background.occultist.domain.time_prefix,"You have previously dabbled in the manipulation of time and causality, ",你曾涉猎时间与因果的操纵，
player_bon.background.occultist.domain.warding_prefix,"You have previously dabbled in protective magic, ",你曾涉猎防护魔法，
player_bon.background.occultist.spell_domain_traits_descr,Can gain traits to increase skill level in various spell domains.,可以获得特质来提高各个法术领域的技能等级。
player_bon.background.occultist.spirit_points_descr,"+3 spirit points (in addition to ""Stout Spirit"").",+3 点精神（在“坚定精神”之外）。
player_bon.background.occultist.strange_item_shock_descr,"-50% mental shock taken from casting memorized spells and from using or identifying strange items such as potions or manuscripts (in addition to ""Cool-headed"").",施放已记忆的法术，以及使用或鉴定药水、手稿等奇异物品时，受到的精神震惊 -50%（在“冷静”之外）。
player_bon.background.occultist.title,Occultist,神秘学者
player_bon.background.rogue.creature_awareness_descr,Remains aware of the presence of other creatures longer.,对其他生物存在的感知保持更久。
player_bon.background.rogue.mind_cloud_artifact_descr,"Has acquired an artifact which can cloud the minds of all enemies, causing them to forget the presence of the user.",已获得一件神器，可以蒙蔽所有敌人的心智，使它们忘记使用者的存在。
player_bon.background.rogue.passive_shock_descr,Mental shock received passively over time is reduced by 25%.,随时间被动获得的精神震惊减少 25%。
player_bon.background.rogue.sense_uniques_descr,Can sense the presence of unique monsters or powerful artifacts.,可以感知独特怪物或强大神器的存在。
player_bon.background.rogue.spot_hidden_descr,"+10% chance to spot hidden monsters, doors, and traps.",发现隐藏怪物、门和陷阱的几率 +10%。
player_bon.background.rogue.title,Rogue,盗贼
player_bon.background.war_vet.armor_maintenance_descr,Maintains armor twice as long before it breaks.,护甲在损坏前可维持两倍时间。
player_bon.background.war_vet.flak_jacket_descr,Starts with a Flak Jacket.,开局携带一件防弹背心。
player_bon.background.war_vet.instant_prepare_descr,Switches to prepared weapon instantly.,立即切换到预备武器。
player_bon.background.war_vet.title,War Veteran,战争老兵
player_bon.extra_trait_title,You gain an extra trait!,你获得了额外特质！
player_bon.trait.absorption.descr,1-6 spirit points are restored each time Spell Shield is ended by a hostile spell (Spell Shield is granted by spirit traits or the Spell Shield spell),每当法术护盾被敌对法术终止时，恢复1-6点精神（法术护盾由精神特质或法术护盾法术赋予）
player_bon.trait.absorption.title,Absorption,吸收
player_bon.trait.adept_marksman.descr,+10% hit chance and +1 minimum damage with firearms and thrown weapons (cannot raise maximum damage),使用火器和投掷武器时 +10% 命中率，并且最低伤害 +1（不能提高最大伤害）
player_bon.trait.adept_marksman.title,Adept Marksman,熟练射手
player_bon.trait.adept_melee.descr,+10% hit chance and +1 damage with melee attacks,+10% 命中率，近战攻击 +1 伤害
player_bon.trait.adept_melee.title,Adept Melee Fighter,熟练近战斗士
player_bon.trait.adept_of_channeling.descr,Specialize in the channeling of violent energy. Channeling spells are cast at a higher skill level.,专精于暴烈能量的导引。导能法术以更高技能等级施放。
player_bon.trait.adept_of_channeling.title,Adept of Channeling,导能熟手
player_bon.trait.adept_of_corruption.descr,Specialize in corruption and withering. Corruption spells are cast at a higher skill level.,专精于腐化和枯萎。腐化法术以更高技能等级施放。
player_bon.trait.adept_of_corruption.title,Adept of Corruption,腐化熟手
player_bon.trait.adept_of_illusion.descr,Specialize in the casting of illusions. Illusion spells are cast at a higher skill level.,专精于施放幻象。幻象法术以更高技能等级施放。
player_bon.trait.adept_of_illusion.title,Adept of Illusion,幻象熟手
player_bon.trait.adept_of_the_mind.descr,"Specialize in knowledge, foresight, and will. Mind spells are cast at a higher skill level.",专精于知识、预见和意志。心灵法术以更高技能等级施放。
player_bon.trait.adept_of_the_mind.title,Adept of the Mind,心灵熟手
player_bon.trait.adept_of_time.descr,Specialize in the manipulation of time and causality. Time spells are cast at a higher skill level.,专精于时间和因果的操纵。时间法术以更高技能等级施放。
player_bon.trait.adept_of_time.title,Adept of Time,时间熟手
player_bon.trait.adept_of_warding.descr,Specialize in protective magic. Warding spells are cast at a higher skill level.,专精于防护魔法。守护法术以更高技能等级施放。
player_bon.trait.adept_of_warding.title,Adept of Warding,守护熟手
player_bon.trait.available_fp_prefix, and ,和
player_bon.trait.available_fp_suffix, fervor,点热忱
player_bon.trait.available_sp_period,.,。
player_bon.trait.available_sp_prefix,You currently have ,你当前有
player_bon.trait.available_sp_suffix, spirit,点精神
player_bon.trait.callous.title,Callous,冷硬
player_bon.trait.cast_bless_i.title,Cast Bless,施放祝福
player_bon.trait.cast_bless_ii.title,Cast Bless II,施放祝福 II
player_bon.trait.cast_cleansing_fire_i.title,Cast Cleansing Fire,施放净化之火
player_bon.trait.cast_cleansing_fire_ii.title,Cast Cleansing Fire II,施放净化之火 II
player_bon.trait.cast_heal_i.title,Cast Heal,施放治疗
player_bon.trait.cast_heal_ii.title,Cast Heal II,施放治疗 II
player_bon.trait.cast_light_i.title,Cast Light,施放光亮
player_bon.trait.cast_light_ii.title,Cast Light II,施放光亮 II
player_bon.trait.cast_sanctuary_i.title,Cast Sanctuary,施放庇护
player_bon.trait.cast_sanctuary_ii.title,Cast Sanctuary II,施放庇护 II
player_bon.trait.cast_see_invisible_i.title,Cast See Invisible,施放识破隐形
player_bon.trait.cast_see_invisible_ii.title,Cast See Invisible II,施放识破隐形 II
player_bon.trait.cool_headed.descr,+20% mental shock resistance,+20% 精神震惊抗性
player_bon.trait.cool_headed.title,Cool-headed,冷静
player_bon.trait.courageous.title,Courageous,勇敢
player_bon.trait.crippling_strikes.descr,Your melee attacks have 60% chance to weaken the target creature for 2-3 turns (reducing their melee damage by half),你的近战攻击有 60% 几率使目标生物虚弱 2-3 回合（使其近战伤害减半）
player_bon.trait.crippling_strikes.title,Crippling Strikes,致残打击
player_bon.trait.dexterous.descr,+25% chance to evade attacks,+25% 闪避攻击几率
player_bon.trait.dexterous.title,Dexterous,灵巧
player_bon.trait.elec_incl.descr,"Rods recharge twice as fast, strange devices are less likely to malfunction or break, electric lanterns last twice as long, +1 damage with electricity weapons",魔杖充能速度加倍，奇异装置更不容易故障或损坏，电提灯持续时间加倍，电击武器伤害+1
player_bon.trait.elec_incl.title,Electrically Inclined,电气亲和
player_bon.trait.elusive.descr,Creatures only remember you for half the normal duration (rounded up).,生物记住你的时间只有正常持续时间的一半（向上取整）。
player_bon.trait.elusive.title,Elusive,难以捉摸
player_bon.trait.enthusiasm.descr,Doubles all bonuses for the moribund effect,使濒死效果的所有加成翻倍
player_bon.trait.enthusiasm.title,Enthusiasm,狂热
player_bon.trait.expert_marksman.title,Expert Marksman,专家射手
player_bon.trait.expert_melee.title,Expert Melee Fighter,专家近战斗士
player_bon.trait.fearless.descr,"You cannot become terrified, +10% mental shock resistance",你不会变得恐惧，+10% 精神震惊抗性
player_bon.trait.fearless.title,Fearless,无畏
player_bon.trait.foul.descr,"+1 claw damage, when attacking with claws, vicious worms occasionally burst out from the corpses of your victims to attack your enemies",+1爪击伤害，用爪攻击时，恶毒蠕虫偶尔会从受害者尸体中爆出并攻击你的敌人
player_bon.trait.foul.title,Foul,污秽
player_bon.trait.gain_cast_cost_prefix, This spell costs ,此法术消耗
player_bon.trait.gain_cast_cost_suffix, spirit to cast.,点精神施放。
player_bon.trait.gain_cast_descr_separator, -,；
player_bon.trait.gain_cast_line_separator,__SPACE__,__EMPTY__
player_bon.trait.gain_cast_prefix,"Gain the ability to cast """,获得施放“
player_bon.trait.gain_cast_skill_prefix, at ,，以
player_bon.trait.gain_cast_skill_suffix, level,等级
player_bon.trait.gain_cast_suffix,"""",”的能力
player_bon.trait.galvanization.descr,"Casting any spell from the Blood domain grants Regeneration for 4-6 turns (+1 extra hit point regenerated per turn), if hit points are lost from casting the spell",施放任何鲜血领域法术会赋予再生4-6回合（每回合额外再生+1生命值），前提是施法损失了生命值
player_bon.trait.galvanization.title,Galvanization,激发
player_bon.trait.healer.descr,Using medical equipment requires only half the normal time and resources,使用医疗器械只需要一半的正常时间和资源
player_bon.trait.healer.title,Healer,治疗者
player_bon.trait.imperceptible.title,Imperceptible,难以察觉
player_bon.trait.indomitable_fury.descr,"While frenzied, you are immune to wounds, and your claw attacks cause fear",狂暴时，你免疫伤口，爪击会造成恐惧
player_bon.trait.indomitable_fury.title,Indomitable Fury,不屈狂怒
player_bon.trait.lithe.title,Lithe,轻盈
player_bon.trait.master_marksman.title,Master Marksman,大师射手
player_bon.trait.master_melee.title,Master Melee Fighter,大师近战斗士
player_bon.trait.master_of_channeling.descr,Attain mastery over the channeling of violent energy. Channeling spells are cast at a higher skill level.,掌握暴烈能量的导引。导能法术以更高技能等级施放。
player_bon.trait.master_of_channeling.title,Master of Channeling,导能大师
player_bon.trait.master_of_corruption.descr,Attain mastery over corruption and withering. Corruption spells are cast at a higher skill level.,掌握腐化和枯萎。腐化法术以更高技能等级施放。
player_bon.trait.master_of_corruption.title,Master of Corruption,腐化大师
player_bon.trait.master_of_illusion.descr,Attain mastery over the casting of illusions. Illusion spells are cast at a higher skill level.,掌握幻象的施放。幻象法术以更高技能等级施放。
player_bon.trait.master_of_illusion.title,Master of Illusion,幻象大师
player_bon.trait.master_of_the_mind.descr,"Attain mastery over knowledge, foresight, and will. Mind spells are cast at a higher skill level, and you also sense items and creatures.",掌握知识、预见和意志。心灵法术以更高技能等级施放，并且你还能感知物品和生物。
player_bon.trait.master_of_the_mind.title,Master of the Mind,心灵大师
player_bon.trait.master_of_time.descr,Attain mastery over the manipulation of time and causality. Time spells are cast at a higher skill level.,掌握时间和因果的操纵。时间法术以更高技能等级施放。
player_bon.trait.master_of_time.title,Master of Time,时间大师
player_bon.trait.master_of_warding.descr,Attain mastery over protective magic. Warding spells are cast at a higher skill level.,掌握防护魔法。守护法术以更高技能等级施放。
player_bon.trait.master_of_warding.title,Master of Warding,守护大师
player_bon.trait.meditative.descr,"Applies a focused state which allows the next spell to be cast without spending a turn, and with the casting cost reduced by 1 point - it takes 125-150 turns to regain this state after a spell is cast",施加专注状态，使下一个法术无需花费回合即可施放，且施法消耗减少1点；施放一个法术后需要125-150回合恢复此状态
player_bon.trait.meditative.title,Meditative,冥想者
player_bon.trait.memento_mori.descr,"Raises the threshold of the moribund status to 8 hit points, and increases the duration of the effect by 50% (rounded down)",将濒死状态阈值提高到8点生命值，并将效果持续时间增加50%（向下取整）
player_bon.trait.memento_mori.title,Memento Mori,记住死亡
player_bon.trait.mighty_spirit.descr,"+2 spirit points, increased spirit regeneration rate, it takes 25-50 turns to regain spell resistance after a spell is blocked",+2点精神，精神再生速度提高，阻挡一个法术后需要25-50回合恢复法术抗性
player_bon.trait.mighty_spirit.title,Mighty Spirit,强大精神
player_bon.trait.prolonged_life.descr,Any fatal damage received is instead drained from your fervor points,受到任何致命伤害时改为消耗你的热忱点数
player_bon.trait.prolonged_life.title,Prolonged Life,延续生命
player_bon.trait.rapid_recoverer.descr,You regenerate 1 hit point every third turn,你每三个回合恢复1点生命值
player_bon.trait.rapid_recoverer.title,Rapid Recoverer,快速恢复者
player_bon.trait.ravenous.descr,You occasionally feed on living victims when attacking with claws,用爪攻击时，你偶尔会吞食活体受害者
player_bon.trait.ravenous.title,Ravenous,贪食
player_bon.trait.resistant.descr,"+25% chance to resist burning, poisoning and paralysis - and the duration of those effects is halved",+25%抵抗燃烧、中毒和麻痹的几率，并且这些效果的持续时间减半
player_bon.trait.resistant.title,Resistant,抗性
player_bon.trait.rugged.title,Rugged,强健
player_bon.trait.ruthless.descr,+100% backstab damage,+100%背刺伤害
player_bon.trait.ruthless.title,Ruthless,无情
player_bon.trait.sage.descr,"When focused, spells are cast without spending spirit points, and the duration to regain the focused state is reduced to 75-100 turns",专注时，施放法术不消耗精神点，且恢复专注状态的时间缩短为75-100回合
player_bon.trait.sage.title,Sage,贤者
player_bon.trait.self_aware.descr,"You cannot become confused, the number of remaining turns for status effects are displayed",你不会变得混乱，并会显示状态效果的剩余回合数
player_bon.trait.self_aware.title,Self-aware,自知
player_bon.trait.silent.descr,"All your melee attacks are silent (regardless of the weapon), and creatures are not alerted when you open or close doors, or wade through water",你的所有近战攻击都是无声的（无论使用什么武器），打开或关闭门、涉水而过时也不会惊动生物
player_bon.trait.silent.title,Silent,静默
player_bon.trait.steady_aimer.descr,"Standing still gives ranged attacks maximum damage and +10% hit chance on the following turn, unless damage is taken",站立不动会让下一回合的远程攻击造成最大伤害并+10%命中率，除非受到伤害
player_bon.trait.steady_aimer.title,Steady Aimer,稳定瞄准
player_bon.trait.stealthy.descr,+45% chance to avoid detection by sight,+45% 避免被视觉发现的几率
player_bon.trait.stealthy.title,Stealthy,潜行
player_bon.trait.stout_spirit.descr,"+2 spirit points, increased spirit regeneration rate, you can defy harmful spells (it takes 125-150 turns to regain spell resistance after a spell is blocked)",+2点精神，精神再生速度提高，你可以抵抗有害法术（阻挡一个法术后需要125-150回合恢复法术抗性）
player_bon.trait.stout_spirit.title,Stout Spirit,坚定精神
player_bon.trait.strong_backed.descr,+50% carry weight limit,+50%负重上限
player_bon.trait.strong_backed.title,Strong-backed,强壮背负
player_bon.trait.strong_spirit.descr,"+2 spirit points, increased spirit regeneration rate, it takes 75-100 turns to regain spell resistance after a spell is blocked",+2点精神，精神再生速度提高，阻挡一个法术后需要75-100回合恢复法术抗性
player_bon.trait.strong_spirit.title,Strong Spirit,强韧精神
player_bon.trait.survivalist.descr,"You cannot become diseased, only half your wounds count, rounded down (i.e. number of wounds are halved when calculating combat, hit point and regeneration penalties, slower walking speed happens at 6 wounds instead of 3, and you die from 10 wounds instead of 5)",你不会患病，并且只有一半伤口数计入惩罚（向下取整；也就是计算战斗、生命值和再生惩罚时伤口数减半，行走变慢从6处伤口而不是3处开始，死亡从10处伤口而不是5处开始）
player_bon.trait.survivalist.title,Survivalist,生存专家
player_bon.trait.thick_skinned.descr,+1 armor point (physical damage reduced by 1 point),+1点护甲（物理伤害减少1点）
player_bon.trait.thick_skinned.title,Thick Skinned,厚皮
player_bon.trait.tough.descr,"+6 hit points, +10% chance to resist burning, poisoning and paralysis, less likely to sprain when kicking, more likely to succeed with object interactions requiring strength (e.g. bashing things open)",+6点生命值，+10%抵抗燃烧、中毒和麻痹的几率，踢击时更不容易扭伤，更容易成功完成需要力量的物体互动（例如撞开东西）
player_bon.trait.tough.title,Tough,坚韧
player_bon.trait.toxic.descr,"+1 claw damage, you are immune to poison, and attacks with your claws often poisons your victims",+1爪击伤害，你免疫中毒，并且用爪攻击经常会使受害者中毒
player_bon.trait.toxic.title,Toxic,剧毒
player_bon.trait.treasure_hunter.descr,You tend to find more items,你往往会找到更多物品
player_bon.trait.treasure_hunter.title,Treasure Hunter,寻宝者
player_bon.trait.unbreakable.title,Unbreakable,不屈
player_bon.trait.undead_bane.descr,"+2 melee and ranged attack damage against all undead monsters, +50% hit chance against ethereal undead monsters",对所有亡灵怪物的近战和远程攻击伤害+2，对以太亡灵怪物的命中率+50%
player_bon.trait.undead_bane.title,Bane of the Undead,亡灵克星
player_bon.trait.vicious.descr,+100% backstab damage (in addition to the normal +50%),+100%背刺伤害（在普通+50%之外）
player_bon.trait.vicious.title,Vicious,凶狠
player_bon.trait.vigilant.descr,You are always aware of nearby creatures,你总能察觉附近的生物
player_bon.trait.vigilant.title,Vigilant,警觉
player_spells.cast_prefix,I cast ,我施放了
player_spells.exclaim,!,！
player_spells.faded_from_memory_suffix," has faded from my memory, I can no longer cast it.",已从我的记忆中消退，我无法再施放它。
player_spells.forget_prefix,I no longer recall how to cast ,我不再记得如何施放
player_spells.hp_label,HP: ,HP：
player_spells.known_title,Known spells,已知法术
player_spells.learned_prefix,I can now cast ,我现在可以凭记忆施放
player_spells.learned_suffix, from memory.,。
player_spells.low_resource_prefix,Low ,低
player_spells.low_resource_suffix,", try casting spell anyway? ",，仍要尝试施法吗？
player_spells.none_known,I do not know any spells.,我不知道任何法术。
player_spells.recall_prefix,I remember how to cast ,我又想起了如何施放
player_spells.recall_suffix, again!,！
player_spells.resource_health,health,生命
player_spells.resource_spirit,spirit,精神
player_spells.shock_label,Shock: ,震惊：
player_spells.skill_down_prefix,I am less skilled at casting ,我没那么擅长施放
player_spells.skill_label,Skill: ,技能：
player_spells.skill_up_prefix,I am more skilled at casting ,我更擅长施放
player_spells.sp_label,SP: ,SP：
property.all_wounds_healed,All my wounds are healed!,我所有的伤口都愈合了！
property.am_burning,I am burning!,我着火了！
property.am_decaying,I am decaying!,我正在腐烂！
property.bewilders_me_suffix, bewilders me.,使我困惑。
property.burns,AAAARGH IT BURNS!!!,啊啊啊啊！我在燃烧！！
property.calls_plague_of_locusts_suffix, calls a plague of Locusts!,召唤了一场蝗灾！
property.cannot_read_blind,I cannot read while blind.,失明时无法阅读。
property.cannot_read_it,I cannot read it.,我无法阅读它。
property.changes_shape,It changes shape!,它改变了形态！
property.close_paren,),）
property.collapses_suffix, collapses!,倒塌了！
property.crave_astral_opium,I crave Astral Opium!!,我渴望星界鸦片！！
property.crimson_passage_infinite,INF,无限
property.crimson_passage_short_open,Crims Psg(,猩红通道（
property.cut_free_machete,I cut myself free with my Machete.,我用我的砍刀把自己割了出来。
property.exclaim,!,！
property.great_frenzy_sound,A voice is stirring up a great frenzy!,有个声音正在煽动巨大的狂乱！
property.infection_getting_worse,My infection is getting worse!,我的感染正在恶化！
property.is_spawned_suffix, is spawned.,出现了。
property.is_taunting_me_suffix, is taunting me!,正在嘲弄我！
property.its,its,它的
property.leader_suffix, leader.,领袖。
property.major_clapham_calls,Major Clapham Lee calls forth his Tomb-Legions!,克拉彭·李少校召唤他的坟墓军团！
property.mon_struggles_in_pain_suffix, struggles in pain!,痛苦地挣扎！
property.mon_struggles_pull_free_suffix, struggles to pull free.,挣扎着想拔脱。
property.mon_struggles_tear_free_suffix, struggles to tear free.,挣扎着想挣脱。
property.need_more,I need more!!,我还要更多！！
property.not_while_burning,Not while burning.,燃烧时不能这么做。
property.one_wound_healed,A wound is healed.,一道伤口愈合了。
property.poison_player,I am suffering from the poison!,我正遭受毒素折磨！
property.possessed_by_middle, was possessed by ,被
property.possessed_by_suffix,!,附身了！
property.powerful_wind_pulling,A powerful wind is pulling me!,一股强风正在拉扯着我！
property.pulls_me_suffix, pulls me!,拉扯着我！
property.recognizes_me_as_middle, recognizes me as ,承认我是
property.resist_electric_player,I feel a faint tingle.,我感到一阵微弱的刺痛。
property.resist_fire_player,I feel warm.,我感到温暖。
property.resist_physical_player,I resist harm.,我抵抗了伤害。
property.resist_seems_unaffected,{} seems unaffected.,{}似乎不受影响。
property.resist_seems_unharmed,{} seems unharmed.,{}似乎没有受伤。
property.rip_spike_flesh,I rip out a spike from my flesh!,我从肉里拔出了一根钉子！
property.rises_again_suffix, rises again!!,再次站了起来！！
property.spews_ooze_suffix, spews ooze.,喷出了软泥。
property.splits_suffix, splits.,分裂了。
property.stirs_up_great_frenzy_suffix, stirs up a great frenzy!,激起了巨大的狂乱！
property.stopped_at_boundary_suffix, is stopped at the boundary.,被挡在边界处。
property.stops_and_gropes_suffix, stops and gropes about.,停下来摸索着。
property.struggle_pull_free,I struggle to pull free!,我挣扎着想挣脱！
property.struggle_tear_free,I struggle to tear free!,我挣扎着想挣脱！
property.struggle_tear_out_spike,I struggle to tear out the spike!,我挣扎着想拔出尖刺！
property.succumb_wounds,I succumb to my wounds!,我屈服于自己的伤口！
property.suffers_from_poisoning_suffix, suffers from poisoning!,中毒受苦！
property.tears_out_spike_suffix, tears out a spike!,扯出了一根钉子！
property.their,their,其
property.thorns_it,it,它
property.thorns_it_upper,It,它
property.thorns_mon_retaliate_mon_middle,retaliates upon ,以魔法灵光反击了
property.thorns_mon_retaliate_mon_suffix, by a magic aura!,！
property.thorns_mon_retaliate_player_prefix,My attack upon ,我对
property.thorns_mon_retaliate_player_suffix, is retaliated by a magic aura!,的攻击被一道魔法灵光反击了！
property.thorns_player_retaliate_prefix,I retaliate upon ,我反击了
property.tomb_legions_sound,A voice is calling forth Tomb-Legions!,有个声音正在召唤坟墓军团！
property.too_confused_concentrate,I am too confused to concentrate!,我太混乱了，无法集中精神！
property.too_confused_read,I am too confused to read.,我太混乱了，无法阅读。
property.too_enraged_concentrate,I am too enraged to concentrate!,我太愤怒了，无法集中精神！
property.too_enraged_read,I am too enraged to read!,我太愤怒了，无法阅读！
property.too_terrified,I am too terrified to engage in close combat!,我太害怕了，无法进行近战！
property.will_not_step_away,I will not step away!,我不会后退！
property.wounded_open,Wounded(,受伤（
property.zombie_part_hand_prefix,The hand of ,__EMPTY__
property.zombie_part_hand_suffix, comes off and starts crawling around!,的一只手脱落下来，开始四处爬行！
property.zombie_part_head_prefix,The head of ,__EMPTY__
property.zombie_part_head_suffix, starts floating around!,的头颅开始四处漂浮！
property.zombie_part_intestines_prefix,The intestines of ,__EMPTY__
property.zombie_part_intestines_suffix, starts crawling around!,的肠子开始四处爬行！
property_data.aiming.descr,Increased range attack effectiveness.,远程攻击效果提高。
property_data.aiming.name,Aiming,瞄准
property_data.aiming.name_short,Aiming,瞄准
property_data.astral_opium_addiction.descr,"Addicted to Astral Opium - the addiction will cease eventually if Astral Opium is not used again, however the abstinence will soon cause withdrawal symptoms (increased minimum shock). The addiction is too powerful and otherwordly to be cured by a Potion of Fortitude.",对星界鸦片成瘾——如果不再使用星界鸦片，成瘾最终会停止，但戒断很快会引起症状（最低震惊值增加）。这种成瘾过于强大且超凡，坚毅药水无法治愈。
property_data.astral_opium_addiction.msg_end_player,I suddenly realize that I no longer crave Astral Opium.,我突然意识到自己不再渴望星界鸦片了。
property_data.astral_opium_addiction.msg_start_player,That felt amazing!,那感觉太美妙了！
property_data.astral_opium_addiction.name,Astral Opium Addiction,星界鸦片成瘾
property_data.astral_opium_addiction.name_short,Addict,成瘾
property_data.aura_of_decay.descr,Creatures within a distance of two moves take damage each standard turn.,距离两步以内的生物每个标准回合都会受到伤害。
property_data.aura_of_decay.msg_end_mon,{} no longer exudes decay.,{}不再散发衰败。
property_data.aura_of_decay.msg_end_player,The decay subsides.,衰败平息了。
property_data.aura_of_decay.msg_start_mon,{} appears to exude death and decay.,{}似乎散发着死亡与衰败。
property_data.aura_of_decay.msg_start_player,Withering surrounds me.,枯萎环绕着我。
property_data.aura_of_decay.name,Aura of Decay,衰败光环
property_data.aura_of_decay.name_short,Decay Aura,衰败环
property_data.blessed.descr,"+10% to hit chance, evasion, stealth, and searching.",命中率、闪避、潜行和搜索+10%。
property_data.blessed.historic_msg_end_permanent,My great blessing ceased,我的伟大祝福结束了
property_data.blessed.historic_msg_start_permanent,Received an everlasting blessing,获得永恒祝福
property_data.blessed.msg_end_player,I have normal luck.,我的运气恢复正常。
property_data.blessed.msg_start_player,I feel luckier.,我感觉更幸运了。
property_data.blessed.name,Blessed,祝福
property_data.blessed.name_short,Blessed,祝福
property_data.blind.descr,"Cannot see, -20% hit chance, -50% chance to evade attacks.",无法看见，命中率-20%，闪避攻击几率-50%。
property_data.blind.historic_msg_end_permanent,My sight came back,我的视力恢复了
property_data.blind.historic_msg_start_permanent,Became permanently blind,永久失明
property_data.blind.msg_end_mon,{} can see again.,{}又能看见了。
property_data.blind.msg_end_player,I can see again!,我又能看见了！
property_data.blind.msg_start_mon,{} is blinded.,{}失明了。
property_data.blind.msg_start_player,I am blinded!,我失明了！
property_data.blind.name,Blind,失明
property_data.blind.name_short,Blind,失明
property_data.burning.descr,"Takes damage each turn, 50% chance to fail when attempting to read or cast spells.",每回合受到伤害，尝试阅读或施法时有50%几率失败。
property_data.burning.msg_end_mon,{} is no longer burning.,{}不再燃烧。
property_data.burning.msg_end_player,The flames are put out.,火焰被扑灭了。
property_data.burning.msg_res_mon,{} resists burning.,{}抵抗了燃烧。
property_data.burning.msg_res_player,I resist burning.,我抵抗了燃烧。
property_data.burning.msg_start_mon,{} is burning.,{}正在燃烧。
property_data.burning.msg_start_player,I am Burning!,我着火了！
property_data.burning.name,Burning,燃烧
property_data.burning.name_short,Burning,燃烧
property_data.burrowing.descr,Can burrow through walls and rubble.,可以掘穿墙壁和瓦砾。
property_data.burrowing.msg_end_mon,{} can no longer move through earth.,{}不再能穿过泥土移动。
property_data.burrowing.msg_end_player,The earth is solid once more.,大地再次变得坚实。
property_data.burrowing.msg_start_mon,{} can move through earth.,{}可以穿过泥土移动。
property_data.burrowing.msg_start_player,Earth and stone crumble away before me.,泥土与石头在我面前崩碎。
property_data.burrowing.name,Burrowing,掘地
property_data.burrowing.name_short,Burrowing,掘地
property_data.cannot_read_curse.msg_end_player,I can read again.,我又能阅读了。
property_data.cannot_read_curse.msg_start_player,I feel illiterate!,我觉得自己无法阅读了！
property_data.clairvoyance.descr,Magically reveals things in the surrounding area.,魔法揭示周围区域中的事物。
property_data.clairvoyance.msg_end_player,I can no longer see hidden things.,我不再能看见隐藏之物。
property_data.clairvoyance.msg_start_player,Hidden secrets are revealed to me.,隐藏的秘密向我揭示。
property_data.clairvoyance.name,Clairvoyance,灵视
property_data.clairvoyance.name_short,Clairvoyance,灵视
property_data.cloaked.descr,"Cannot be detected by normal sight, ends if attacking or casting spells.",无法被普通视线发现，攻击或施法时结束。
property_data.cloaked.msg_end_player,My cloak fades.,我的隐匿消退了。
property_data.cloaked.msg_start_mon,{} is cloaked!,{}隐匿起来！
property_data.cloaked.msg_start_player,I am cloaked!,我隐匿起来！
property_data.cloaked.name,Cloaked,隐匿
property_data.cloaked.name_short,Cloaked,隐匿
property_data.conflict.descr,Considers every creature as an enemy.,将所有生物都视为敌人。
property_data.conflict.msg_end_mon,{} Looks more determined.,{}看起来更加坚定。
property_data.conflict.msg_start_mon,{} Looks conflicted.,{}看起来陷入冲突。
property_data.conflict.name,Conflicted,冲突
property_data.conflict.name_short,Conflicted,冲突
property_data.confused.descr,"Occasionally moving in random directions, cannot read or cast spells, cannot search for hidden doors or traps.",有时会向随机方向移动，无法阅读或施法，无法搜索隐藏门或陷阱。
property_data.confused.msg_end_mon,{} is no longer confused.,{}不再混乱。
property_data.confused.msg_end_player,I come to my senses.,我恢复了清醒。
property_data.confused.msg_res_mon,{} resists confusion.,{}抵抗了混乱。
property_data.confused.msg_res_player,I manage to keep my head together.,我设法保持了清醒。
property_data.confused.msg_start_mon,{} looks confused.,{}看起来很混乱。
property_data.confused.msg_start_player,I am confused!,我混乱了！
property_data.confused.name,Confused,混乱
property_data.confused.name_short,Confused,混乱
property_data.crimson_passage.descr,"Walking does not spend any time, but every step taken drains 2 hit points (waiting in place can still be done as normal). The effect ends after a certain number of steps have been taken, or if there is not enough hit points to drain.",行走不花费时间，但每迈出一步都会消耗2点生命值（原地等待仍可正常进行）。效果会在行走一定步数后结束，或在没有足够生命值可供消耗时结束。
property_data.crimson_passage.msg_end_player,My movement is normal again.,我的移动恢复正常。
property_data.crimson_passage.msg_start_player,A gruesome path lies ahead.,一条可怖的道路在前方展开。
property_data.crimson_passage.name,Crimson Passage,猩红通道
property_data.crimson_passage.name_short,Crims Psg,猩红道
property_data.cursed.descr,"-10% to hit chance, evasion, stealth, and searching.",命中率、闪避、潜行和搜索-10%。
property_data.cursed.historic_msg_end_permanent,A terrible curse was lifted from me,可怕的诅咒从我身上解除
property_data.cursed.historic_msg_start_permanent,A perpetual curse was put upon me,永久诅咒降临到我身上
property_data.cursed.msg_end_mon,{} is no longer cursed.,{}不再被诅咒。
property_data.cursed.msg_end_player,I feel more fortunate.,我感到更幸运了。
property_data.cursed.msg_res_mon,{} resists misfortune.,{}抵抗了厄运。
property_data.cursed.msg_res_player,I resist misfortune.,我抵抗了厄运。
property_data.cursed.msg_start_mon,{} is cursed.,{}被诅咒了。
property_data.cursed.msg_start_player,I feel misfortunate.,我感到不幸。
property_data.cursed.name,Cursed,诅咒
property_data.cursed.name_short,Cursed,诅咒
property_data.deaf.descr,Cannot hear sounds.,无法听见声音。
property_data.deaf.historic_msg_end_permanent,My hearing came back,我的听力恢复了
property_data.deaf.historic_msg_start_permanent,Became permanently deaf,永久失聪
property_data.deaf.msg_end_mon,{} is reacting to noise again.,{}又开始对噪声作出反应。
property_data.deaf.msg_end_player,I can hear again.,我又能听见了。
property_data.deaf.msg_start_mon,{} stops reacting to any noise.,{}不再对任何噪声作出反应。
property_data.deaf.msg_start_player,I am deaf!,我耳聋了！
property_data.deaf.name,Deaf,耳聋
property_data.deaf.name_short,Deaf,耳聋
property_data.descend.descr,Soon moved to a deeper level.,很快会移动到更深层。
property_data.descend.msg_start_player,I feel a sinking sensation.,我感到一阵下沉感。
property_data.descend.name,Descending,下降中
property_data.descend.name_short,Descending,下降
property_data.diseased.descr,-50% maximum hit points.,最大生命值-50%。
property_data.diseased.historic_msg_end_permanent,Was cured from a horrible disease,可怕的疾病被治愈
property_data.diseased.historic_msg_start_permanent,Caught a horrible disease,染上可怕的疾病
property_data.diseased.msg_end_mon,{} is no longer diseased.,{}不再患病。
property_data.diseased.msg_end_player,My disease is cured!,我的疾病被治愈了！
property_data.diseased.msg_res_mon,{} resists disease.,{}抵抗了疾病。
property_data.diseased.msg_res_player,I resist disease.,我抵抗了疾病。
property_data.diseased.msg_start_mon,{} is diseased.,{}患病了。
property_data.diseased.msg_start_player,I am diseased!,我患病了！
property_data.diseased.name,Diseased,患病
property_data.diseased.name_short,Diseased,患病
property_data.doomed.descr,"-20% to hit chance, evasion, stealth, and searching, 10% chance to fail when attempting to read or cast spells.",命中率、闪避、潜行和搜索-20%，尝试阅读或施法时有10%几率失败。
property_data.doomed.historic_msg_end_permanent,Hope returned again,希望再度归来
property_data.doomed.historic_msg_start_permanent,My doom was written,我的厄运已被写定
property_data.doomed.msg_end_mon,{} is no longer doomed.,{}不再被厄运笼罩。
property_data.doomed.msg_end_player,My doom does not feel so certain anymore.,我的厄运似乎不再那么确定了。
property_data.doomed.msg_res_player,I resist a great misfortune.,我抵抗了一场大厄运。
property_data.doomed.msg_start_mon,{} is doomed!,{}被厄运笼罩！
property_data.doomed.msg_start_player,I feel doomed!,我感到厄运临头！
property_data.doomed.name,Doomed,厄运缠身
property_data.doomed.name_short,Doomed,厄运
property_data.entangled.descr,Entangled in something.,被某物缠住。
property_data.entangled.msg_end_mon,{} tears free!,{}挣脱了！
property_data.entangled.msg_end_player,I tear free!,我挣脱了！
property_data.entangled.msg_start_mon,{} is entangled.,{}被缠住了。
property_data.entangled.msg_start_player,I am entangled!,我被缠住了！
property_data.entangled.name,Entangled,缠绕
property_data.entangled.name_short,Entangled,缠绕
property_data.erudition.descr,Spell skill is improved by one level.,法术技能提升一级。
property_data.erudition.msg_end_player,I feel ignorant.,我感到无知。
property_data.erudition.msg_start_player,Mystic secrets are revealed to me!,秘法奥秘向我揭示！
property_data.erudition.name,Erudition,博学
property_data.erudition.name_short,Erudition,博学
property_data.ethereal.descr,"Can pass through solid objects, +50% chance to evade attacks.",可以穿过实体物体，闪避攻击几率+50%。
property_data.ethereal.name,Ethereal,灵体
property_data.ethereal.name_short,Ethereal,灵体
property_data.extra_hasted.descr,Moves very fast.,行动非常快。
property_data.extra_hasted.msg_end_player,Everything around me seems to speed up a lot.,我周围的一切似乎加快了很多。
property_data.extra_hasted.msg_start_player,Everything around me suddenly seems very still.,我周围的一切突然显得静止。
property_data.extra_hasted.name,Extra Hasted,极度加速
property_data.extra_hasted.name_short,Extra Hasted,极快
property_data.extra_skill.descr,"+10% to hit chance, evasion, stealth, and searching.",命中率、闪避、潜行和搜索+10%。
property_data.extra_skill.msg_end_mon,{} looks less skillful.,{}看起来没那么有技巧了。
property_data.extra_skill.msg_end_player,I feel less skillful.,我感觉没那么有技巧了。
property_data.extra_skill.msg_start_mon,{} looks more skillful.,{}看起来更有技巧了。
property_data.extra_skill.msg_start_player,I feel more skillful.,我感觉更有技巧了。
property_data.extra_skill.name,Heightened Skill,技艺提升
property_data.extra_skill.name_short,Skill,技能
property_data.fainted.descr,"Temporarily lost consciousness, will wake up if any damage is taken or enough time passes.",暂时失去意识，受到任何伤害或经过足够时间后会醒来。
property_data.fainted.msg_end_mon,{} wakes up.,{}醒了。
property_data.fainted.msg_end_player,I am awake.,我醒了。
property_data.fainted.msg_res_mon,{} resists fainting.,{}抵抗了昏厥。
property_data.fainted.msg_res_player,I resist fainting.,我抵抗了昏厥。
property_data.fainted.msg_start_mon,{} faints.,{}昏厥了。
property_data.fainted.msg_start_player,I faint!,我昏厥了！
property_data.fainted.name,Fainted,昏厥
property_data.fainted.name_short,Fainted,昏厥
property_data.frenzied.descr,"Cannot move away from seen enemies, moves faster, +1 melee damage, +10% melee hit chance, immune to confusion, fainting, fear, and weakening, cannot read or cast spells, becomes weakened when the frenzy ends.",无法远离看见的敌人，行动更快，近战伤害+1，近战命中率+10%，免疫混乱、昏厥、恐惧和虚弱，无法阅读或施法，狂暴结束时会变得虚弱。
property_data.frenzied.msg_end_mon,{} calms down a little.,{}稍稍冷静下来。
property_data.frenzied.msg_end_player,I calm down.,我冷静下来了。
property_data.frenzied.msg_start_mon,{} looks ferocious!,{}看起来凶猛无比！
property_data.frenzied.msg_start_player,I feel ferocious!!!,我感到凶猛无比！！！
property_data.frenzied.name,Frenzied,狂暴
property_data.frenzied.name_short,Frenzied,狂暴
property_data.hallucinating.descr,The senses cannot always be trusted.,感官并不总是可信。
property_data.hallucinating.msg_end_player,I feel more sure of my senses.,我对自己的感官更有把握了。
property_data.hallucinating.msg_res_player,I manage to maintain a grip on what is real.,我设法抓住了现实。
property_data.hallucinating.msg_start_player,I am starting to doubt my senses.,我开始怀疑自己的感官。
property_data.hallucinating.name,Hallucinating,幻觉
property_data.hallucinating.name_short,Halluc,幻觉
property_data.hasted.descr,Moves faster.,行动变快。
property_data.hasted.historic_msg_end_permanent,My hastiness ceased,我的加速结束了
property_data.hasted.historic_msg_start_permanent,Became perpetually hasted,永久加速
property_data.hasted.msg_end_mon,{} slows down.,{}慢了下来。
property_data.hasted.msg_end_player,Everything around me seems to speed up.,我周围的一切似乎加速了。
property_data.hasted.msg_start_mon,{} speeds up.,{}加速了。
property_data.hasted.msg_start_player,Everything around me seems to slow down.,我周围的一切似乎慢了下来。
property_data.hasted.name,Hasted,加速
property_data.hasted.name_short,Hasted,加速
property_data.hit_chance_penalty_curse.msg_end_player,My aiming feels better.,我的瞄准变好了。
property_data.hit_chance_penalty_curse.msg_start_player,My aiming feels worse.,我的瞄准变差了。
property_data.increased_shock_curse.msg_end_player,I feel less anxious.,我没那么焦虑了。
property_data.increased_shock_curse.msg_start_player,I feel more anxious!,我更加焦虑了！
property_data.infected.descr,A nasty infection that will get worse if left untreated.,一种讨厌的感染，若不治疗会变得更糟。
property_data.infected.msg_end_mon,{} is no longer infected.,{}不再感染。
property_data.infected.msg_end_player,My infection is cured!,我的感染被治愈了！
property_data.infected.msg_start_mon,{} is infected.,{}感染了。
property_data.infected.msg_start_player,I am infected!,我感染了！
property_data.infected.name,Infected,感染
property_data.infected.name_short,Infected,感染
property_data.invis.descr,Cannot be detected by normal sight.,无法被普通视线发现。
property_data.invis.msg_end_player,I am no longer invisible.,我不再隐形。
property_data.invis.msg_start_mon,{} is out of sight!,{}离开了视线！
property_data.invis.msg_start_player,I am out of sight!,我离开了视线！
property_data.invis.name,Invisible,隐形
property_data.invis.name_short,Invisible,隐形
property_data.light_sensitive.descr,Is vulnerable to light.,对光线脆弱。
property_data.light_sensitive.msg_end_mon,{} no longer is vulnerable to light.,{}不再对光线脆弱。
property_data.light_sensitive.msg_end_player,I no longer feel vulnerable to light.,我不再感觉容易受到光线伤害。
property_data.light_sensitive.msg_start_mon,{} is vulnerable to light.,{}对光线很脆弱。
property_data.light_sensitive.msg_start_player,I feel vulnerable to light!,我感觉容易受到光线伤害！
property_data.light_sensitive.name,Light Sensitive,光敏
property_data.light_sensitive.name_short,Lgt Sens,光敏
property_data.magic_carapace.descr,"+3 armor points, +25% chance to resist burning.",护甲点+3，抵抗燃烧几率+25%。
property_data.magic_carapace.msg_end_mon,{} sheds a carapace.,{}脱落了一层甲壳。
property_data.magic_carapace.msg_end_player,My carapace cracks and crumbles away.,我的甲壳开裂并崩碎。
property_data.magic_carapace.msg_start_mon,{} is enveloped by a protective carapace.,{}被一层保护性甲壳包裹。
property_data.magic_carapace.msg_start_player,A protective carapace forms around me.,一层保护性甲壳在我周围形成。
property_data.magic_carapace.name,Carapace,甲壳
property_data.magic_carapace.name_short,Carapace,甲壳
property_data.meditative_focused.descr,"The next spell is cast without spending a turn, and with reduced cost.",下一个法术会在不花费回合的情况下施放，并且消耗降低。
property_data.meditative_focused.msg_end_player,I feel less focused.,我没那么专注了。
property_data.meditative_focused.msg_start_player,I feel very focused.,我感到非常专注。
property_data.meditative_focused.name,Focused,专注
property_data.meditative_focused.name_short,Focused,专注
property_data.moribund.descr,"+3 melee damage, +30% melee hit chance, +3 armor points.",近战伤害+3，近战命中率+30%，护甲点+3。
property_data.moribund.name,Moribund,垂死
property_data.moribund.name_short,Moribund,垂死
property_data.nailed.descr,Fastened by a spike. Tearing it out will be rather painful.,被尖刺固定。拔出来会相当痛苦。
property_data.nailed.msg_end_mon,{} tears free!,{}挣脱了！
property_data.nailed.msg_end_player,I tear free!,我挣脱了！
property_data.nailed.msg_start_mon,{} is fastened by a spike.,{}被尖刺固定住了。
property_data.nailed.msg_start_player,I am fastened by a spike!,我被尖刺固定住了！
property_data.nailed.name,Nailed,钉住
property_data.paralyzed.descr,Cannot move.,无法移动。
property_data.paralyzed.msg_end_mon,{} can move again.,{}又能动了。
property_data.paralyzed.msg_end_player,I can move again!,我又能动了！
property_data.paralyzed.msg_res_mon,{} resists paralyzation.,{}抵抗了麻痹。
property_data.paralyzed.msg_res_player,I resist paralyzation.,我抵抗了麻痹。
property_data.paralyzed.msg_start_mon,{} is paralyzed.,{}麻痹了。
property_data.paralyzed.msg_start_player,I am paralyzed!,我麻痹了！
property_data.paralyzed.name,Paralyzed,麻痹
property_data.paralyzed.name_short,Paralyzed,麻痹
property_data.poisoned.descr,"Takes damage over time while health is above 50% of maximum hit points, hit points do not regenerate naturally, -25% melee damage, -10% melee hit chance. Poison duration stacks if more is applied.",生命高于最大生命值50%时会持续受到伤害，生命不会自然恢复，近战伤害-25%，近战命中率-10%。再次中毒会叠加持续时间。
property_data.poisoned.msg_end_mon,{} is cleansed from poisoning.,{}体内的毒素被清除了。
property_data.poisoned.msg_end_player,My body is cleansed from poisoning!,我体内的毒素被清除了！
property_data.poisoned.msg_res_mon,{} resists poisoning.,{}抵抗了中毒。
property_data.poisoned.msg_res_player,I resist poisoning.,我抵抗了中毒。
property_data.poisoned.msg_start_mon,{} is poisoned.,{}中毒了。
property_data.poisoned.msg_start_player,I am poisoned!,我中毒了！
property_data.poisoned.name,Poisoned,中毒
property_data.poisoned.name_short,Poisoned,中毒
property_data.premonition.descr,+75% chance to evade attacks.,闪避攻击几率+75%。
property_data.premonition.msg_end_mon,{} looks like an easier target now.,{}现在看起来更容易命中。
property_data.premonition.msg_end_player,I feel more vulnerable.,我感觉更脆弱了。
property_data.premonition.msg_start_mon,{} looks unassailable.,{}看起来不可侵犯。
property_data.premonition.msg_start_player,I feel unassailable.,我感到不可侵犯。
property_data.premonition.name,Premonition,预知
property_data.premonition.name_short,Premonition,预知
property_data.r_blind.descr,Cannot be blinded.,不会失明。
property_data.r_blind.name,Blindness Resistance,失明抗性
property_data.r_blind.name_short,Blind Res,盲抗
property_data.r_breath.descr,Cannot be harmed by constricted breathing.,不会受到呼吸受阻伤害。
property_data.r_breath.msg_start_mon,{} can breath without harm.,{}可以安全呼吸。
property_data.r_breath.msg_start_player,I can breath without harm.,我可以安全呼吸。
property_data.r_conf.descr,Cannot become confused.,不会陷入混乱。
property_data.r_conf.msg_end_mon,{} is vulnerable to confusion.,{}容易陷入混乱。
property_data.r_conf.msg_end_player,I feel vulnerable to confusion.,我感觉容易陷入混乱。
property_data.r_conf.msg_start_mon,{} is resistant to confusion.,{}对混乱有抗性。
property_data.r_conf.msg_start_player,I feel resistant to confusion.,我感到对混乱有抗性。
property_data.r_conf.name,Confusion Resistance,混乱抗性
property_data.r_conf.name_short,Conf Res,乱抗
property_data.r_disease.descr,Cannot become diseased.,不会染上疾病。
property_data.r_disease.msg_end_mon,{} is vulnerable to disease.,{}容易染上疾病。
property_data.r_disease.msg_end_player,I feel vulnerable to disease.,我感觉容易染上疾病。
property_data.r_disease.msg_start_mon,{} is resistant to disease.,{}对疾病有抗性。
property_data.r_disease.msg_start_player,I feel resistant to disease.,我感到对疾病有抗性。
property_data.r_disease.name,Disease Resistance,疾病抗性
property_data.r_disease.name_short,Disease Res,病抗
property_data.r_elec.descr,Cannot be harmed by electricity.,不会受到电击伤害。
property_data.r_elec.msg_end_mon,{} is vulnerable to electricity.,{}容易受到电击伤害。
property_data.r_elec.msg_end_player,I feel vulnerable to electricity.,我感觉容易受到电击伤害。
property_data.r_elec.msg_start_mon,{} is resistant to electricity.,{}对电击有抗性。
property_data.r_elec.msg_start_player,I feel resistant to electricity.,我感到对电击有抗性。
property_data.r_elec.name,Electric Resistance,电击抗性
property_data.r_elec.name_short,Elec Res,电抗
property_data.r_fear.descr,Unaffected by fear.,不受恐惧影响。
property_data.r_fear.msg_end_mon,{} is vulnerable to fear.,{}容易受到恐惧影响。
property_data.r_fear.msg_end_player,I feel vulnerable to fear.,我感觉容易受到恐惧影响。
property_data.r_fear.msg_start_mon,{} is resistant to fear.,{}对恐惧有抗性。
property_data.r_fear.msg_start_player,I cannot be swayed by fear.,我不会被恐惧动摇。
property_data.r_fear.name,Fear Resistance,恐惧抗性
property_data.r_fear.name_short,Fear Res,恐抗
property_data.r_fire.descr,Cannot be harmed by fire.,不会受到火焰伤害。
property_data.r_fire.msg_end_mon,{} is vulnerable to fire.,{}容易受到火焰伤害。
property_data.r_fire.msg_end_player,I feel vulnerable to fire.,我感觉容易受到火焰伤害。
property_data.r_fire.msg_start_mon,{} is resistant to fire.,{}对火焰有抗性。
property_data.r_fire.msg_start_player,I feel resistant to fire.,我感到对火焰有抗性。
property_data.r_fire.name,Fire Resistance,火焰抗性
property_data.r_fire.name_short,Fire Res,火抗
property_data.r_para.descr,Cannot be paralyzed.,不会被麻痹。
property_data.r_para.msg_end_mon,{} looks less steady.,{}看起来没那么稳定了。
property_data.r_para.msg_end_player,I feel less steady.,我感觉没那么稳定了。
property_data.r_para.msg_start_mon,{} looks more steady.,{}看起来更加稳定。
property_data.r_para.msg_start_player,I feel more steady.,我感到更加稳定。
property_data.r_para.name,Paralysis Resistance,麻痹抗性
property_data.r_para.name_short,Paralys Res,麻抗
property_data.r_phys.descr,Cannot be harmed by physical attacks.,不会受到物理攻击伤害。
property_data.r_phys.msg_end_mon,{} looks less tough.,{}看起来没那么坚韧了。
property_data.r_phys.msg_end_player,I feel vulnerable to physical attacks.,我感觉容易受到物理攻击伤害。
property_data.r_phys.msg_start_mon,{} looks tough as steel.,{}看起来坚如钢铁。
property_data.r_phys.msg_start_player,I feel impervious to physical attacks.,我感觉物理攻击伤不到我。
property_data.r_phys.name,Physical Resistance,物理抗性
property_data.r_phys.name_short,Phys Res,物抗
property_data.r_poison.descr,Cannot be harmed by poison.,不会受到毒素伤害。
property_data.r_poison.msg_end_mon,{} is vulnerable to poison.,{}容易受到毒素伤害。
property_data.r_poison.msg_end_player,I feel vulnerable to poison.,我感觉容易受到毒素伤害。
property_data.r_poison.msg_start_mon,{} is resistant to poison.,{}对毒素有抗性。
property_data.r_poison.msg_start_player,I feel resistant to poison.,我感到对毒素有抗性。
property_data.r_poison.name,Poison Resistance,毒素抗性
property_data.r_poison.name_short,Poison Res,毒抗
property_data.r_shock.descr,Unaffected by shocking events.,不受震惊事件影响。
property_data.r_shock.msg_end_player,I feel susceptible to the horrors of this place again.,我感觉又容易受到此地恐怖的影响了。
property_data.r_shock.msg_start_player,Nothing can disturb my mind!,没有什么能扰乱我的心智！
property_data.r_shock.name,Shock Resistance,震惊抗性
property_data.r_shock.name_short,Shock Res,震抗
property_data.r_sleep.descr,Cannot faint or become hypnotized.,不会昏厥或被催眠。
property_data.r_sleep.msg_end_mon,{} is less awake.,{}没那么清醒了。
property_data.r_sleep.msg_end_player,I feel less awake.,我感觉没那么清醒了。
property_data.r_sleep.msg_start_mon,{} is wide awake.,{}十分清醒。
property_data.r_sleep.msg_start_player,I feel wide awake.,我感到十分清醒。
property_data.r_sleep.name,Sleep Resistance,睡眠抗性
property_data.r_sleep.name_short,Sleep Res,睡抗
property_data.r_slow.descr,Cannot be magically slowed.,不会被魔法减速。
property_data.r_slow.msg_end_player,I feel more susceptible to time.,我感觉更容易受时间影响。
property_data.r_slow.msg_start_player,I feel steadfast.,我感到坚定不移。
property_data.r_slow.name,Slow Resistance,减速抗性
property_data.r_slow.name_short,Slow Res,缓抗
property_data.r_spell.descr,Cannot be affected by harmful spells.,不会受到有害法术影响。
property_data.r_spell.msg_end_mon,{} is vulnerable to spells.,{}容易受到法术影响。
property_data.r_spell.msg_end_player,I feel vulnerable to spells.,我感觉容易受到法术影响。
property_data.r_spell.msg_start_mon,{} is defying harmful spells.,{}正在抵御有害法术。
property_data.r_spell.msg_start_player,I defy harmful spells!,我能抵御有害法术！
property_data.r_spell.name,Spell Resistance,法术抗性
property_data.r_spell.name_short,Spell Res,法抗
property_data.radiant_fov.descr,Emanating a bright light.,发出明亮光芒。
property_data.radiant_fov.msg_end_player,It suddenly gets darker.,周围突然变暗了。
property_data.radiant_fov.msg_start_player,A bright light shines around me.,明亮光芒照耀在我周围。
property_data.radiant_fov.name,Radiant,光辉
property_data.radiant_fov.name_short,Radiant,光辉
property_data.regenerating.descr,+1 extra hit point regenerated per turn.,每回合额外恢复1点生命值。
property_data.regenerating.msg_end_mon,{} stops regenerating damage quickly.,{}停止快速再生伤害。
property_data.regenerating.msg_end_player,My body heals itself slower now.,我的身体自我愈合变慢了。
property_data.regenerating.msg_start_mon,{} starts regenerating damage very quickly.,{}开始非常快速地再生伤害。
property_data.regenerating.msg_start_player,My body starts healing itself much faster.,我的身体开始更快地自我愈合。
property_data.regenerating.name,Regenerating,再生
property_data.regenerating.name_short,Regenerating,再生
property_data.sanctuary.descr,Is ignored by all hostile creatures. The effect ends if moving or performing a melee or ranged attack.,所有敌对生物都会忽略它。移动或进行近战/远程攻击时效果结束。
property_data.sanctuary.msg_end_player,I feel much less secure.,我感觉安全感大幅减弱。
property_data.sanctuary.msg_start_player,I feel very secure.,我感到非常安全。
property_data.sanctuary.name,Sanctuary,庇护
property_data.sanctuary.name_short,Sanctuary,庇护
property_data.see_invis.descr,"Can see invisible creatures, cannot be blinded.",可以看见隐形生物，且不会失明。
property_data.see_invis.msg_end_mon,{} seems less keen.,{}似乎没那么敏锐了。
property_data.see_invis.msg_end_player,My eyes can no longer perceive the invisible.,我的眼睛不再能感知隐形之物。
property_data.see_invis.msg_start_mon,{} seems very keen.,{}似乎非常敏锐。
property_data.see_invis.msg_start_player,My eyes perceive the invisible.,我的眼睛能感知隐形之物。
property_data.see_invis.name,See Invisible,看见隐形
property_data.see_invis.name_short,See Invis,见隐
property_data.slowed.descr,Moves slower.,行动变慢。
property_data.slowed.historic_msg_end_permanent,My slowness ceased,我的迟缓结束了
property_data.slowed.historic_msg_start_permanent,Became perpetually slowed,永久减速
property_data.slowed.msg_end_mon,{} speeds up.,{}加速了。
property_data.slowed.msg_end_player,Everything around me seems to slow down.,我周围的一切似乎慢了下来。
property_data.slowed.msg_res_mon,{} resists slowing.,{}抵抗了减速。
property_data.slowed.msg_res_player,I resist slowing.,我抵抗了减速。
property_data.slowed.msg_start_mon,{} slows down.,{}慢了下来。
property_data.slowed.msg_start_player,Everything around me seems to speed up.,我周围的一切似乎加速了。
property_data.slowed.name,Slowed,减速
property_data.slowed.name_short,Slowed,减速
property_data.stuck.descr,Stuck in something.,被某物卡住。
property_data.stuck.msg_end_mon,{} pulls free!,{}拔脱了！
property_data.stuck.msg_end_player,I pull myself free!,我把自己拔了出来！
property_data.stuck.msg_start_mon,{} is stuck.,{}卡住了。
property_data.stuck.msg_start_player,I am stuck!,我卡住了！
property_data.stuck.name,Stuck,卡住
property_data.stuck.name_short,Stuck,卡住
property_data.stunned.msg_end_mon,{} is no longer stunned.,{}不再眩晕了。
property_data.stunned.msg_end_player,I am no longer stunned.,我不再眩晕了。
property_data.stunned.msg_res_mon,{} resists stunning.,{}抵抗了眩晕。
property_data.stunned.msg_res_player,I resist stunning.,我抵抗了眩晕。
property_data.stunned.msg_start_mon,{} is stunned.,{}被击晕了。
property_data.stunned.msg_start_player,I am stunned!,我被击晕了！
property_data.stunned.name,Stunned,眩晕
property_data.stunned.name_short,Stunned,眩晕
property_data.summoned.descr,Was magically summoned here.,被魔法召唤到这里。
property_data.summoned.msg_end_mon,{} suddenly disappears.,{}突然消失了。
property_data.summoned.name,Summoned,召唤物
property_data.tele_ctrl.descr,Can control teleport destination.,可以控制传送目的地。
property_data.tele_ctrl.msg_end_player,I feel less in control.,我感觉没那么能掌控了。
property_data.tele_ctrl.msg_start_player,I feel in control.,我感到一切尽在掌控。
property_data.tele_ctrl.name,Teleport control,传送控制
property_data.tele_ctrl.name_short,Tele Ctrl,传控
property_data.temporal_echo.descr,All damage taken is dealt again when the effect ends.,受到的所有伤害会在效果结束时再次结算。
property_data.temporal_echo.msg_end_mon,Time recurs for {}.,时间在{}身上重现。
property_data.temporal_echo.msg_end_player,Time recurs!,时间重现！
property_data.temporal_echo.msg_start_mon,{} is marked by a temporal echo.,{}被时间回声标记了。
property_data.temporal_echo.msg_start_player,I am marked by a temporal echo.,我被时间回声标记了。
property_data.temporal_echo.name,Temporal Echo,时间回声
property_data.temporal_echo.name_short,Echo,回声
property_data.terrified.descr,"Cannot perform melee attacks, -20% ranged hit chance, +20% chance to evade attacks.",无法进行近战攻击，远程命中率-20%，闪避攻击几率+20%。
property_data.terrified.msg_end_mon,{} is no longer terrified.,{}不再惊恐了。
property_data.terrified.msg_end_player,I am no longer terrified!,我不再惊恐了！
property_data.terrified.msg_res_mon,{} resists fear.,{}抵抗了恐惧。
property_data.terrified.msg_res_player,I resist fear.,我抵抗了恐惧。
property_data.terrified.msg_start_mon,{} looks terrified.,{}看起来惊恐万分。
property_data.terrified.msg_start_player,I am terrified!,我惊恐万分！
property_data.terrified.name,Terrified,惊恐
property_data.terrified.name_short,Terrified,惊恐
property_data.thorns.descr,"Any time the caster is harmed by a melee attack, ranged attack or damaging spell, the attacker is struck by an irresistible force.",每当施法者受到近战攻击、远程攻击或伤害性法术伤害时，攻击者都会被一股不可抗拒的力量击中。
property_data.thorns.msg_end_player,I cease to return harm.,我停止返还伤害。
property_data.thorns.msg_start_player,Reprisal is sealed!,报复已被封印！
property_data.thorns.name,Thorns,荆棘
property_data.thorns.name_short,Thorns,荆棘
property_data.weakened.descr,"-50% melee damage, cannot do backstab attacks, cannot bash doors or chests open, knock heavy objects over, etc.",近战伤害-50%，无法背刺，无法撞开门或箱子、撞倒重物等。
property_data.weakened.msg_end_mon,{} looks stronger!,{}看起来更强壮了！
property_data.weakened.msg_end_player,I feel stronger!,我感觉更强壮了！
property_data.weakened.msg_res_mon,{} resists weakness.,{}抵抗了虚弱。
property_data.weakened.msg_res_player,I resist weakness.,我抵抗了虚弱。
property_data.weakened.msg_start_mon,{} looks weaker.,{}看起来虚弱了。
property_data.weakened.msg_start_player,I feel weaker.,我感到虚弱。
property_data.weakened.name,Weakened,虚弱
property_data.weakened.name_short,Weakened,虚弱
property_data.wound.descr,"For each wound: -5% melee hit chance, -5% chance to evade attacks, -10% hit points, and reduced hit point generation rate. With three concurrent wounds, walking takes extra turns. Five concurrent wounds is fatal.",每道伤口：近战命中率-5%，闪避攻击几率-5%，生命值-10%，并降低生命恢复速度。三道并发伤口会让行走花费额外回合。五道并发伤口会致命。
property_data.wound.msg_res_player,I resist wounding!,我抵抗了受伤！
property_data.wound.msg_start_player,I am wounded!,我受伤了！
property_data.wound.name,Wounded,受伤
property_handler.ending_suffix, (ending),（即将结束）
property_handler.from_item_suffix, (from item),（来自物品）
property_handler.indefinite_suffix, (indefinite),（无限期）
reload.already_loaded_prefix,My ,我的
reload.already_loaded_suffix, is already loaded.,已经装填好了。
reload.ammo_count_prefix, (,（
reload.ammo_count_suffix,).,）。
reload.fumble_player_prefix,I fumble with ,我笨拙地摆弄着
reload.fumbles_with, fumbles with ,笨拙地摆弄着
reload.load_prefix,I load ,我装入了
reload.move_round_between_mags,I move a round from one magazine to another.,我把一发子弹从一个弹匣移到另一个弹匣。
reload.move_round_to_weapon_prefix,I move a round from a magazine to my ,我从一个弹匣中取出一发子弹装入我的
reload.no_ammunition,I carry no ammunition for this weapon.,我没有这件武器可用的弹药。
reload.no_better_mag_prefix,I carry no ,我没有
reload.no_better_mag_suffix, with more ammo than already loaded.,的弹药比已装填的更多。
reload.not_wielding_weapon,I am not wielding a weapon.,我没有持用武器。
reload.period,.,。
reload.reload_my_prefix,I reload my ,我重新装填了我的
reload.reloads, reloads.,重新装填了。
reload.weapon_no_ammo,This weapon does not use ammo.,这件武器不使用弹药。
spells.appears_suffix, appears!,出现了！
spells.aura_of_decay.descr,The caster exudes death and decay. Creatures within a distance of two steps take damage each standard turn.,施法者散发死亡与腐朽。两步距离内的生物每个标准回合都会受到伤害。
spells.aura_of_decay.dmg_prefix,The spell deals ,法术造成
spells.aura_of_decay.dmg_suffix, damage to each creature.,点伤害给每个生物。
spells.aura_of_decay.instant_kill_descr,"Any time a creature takes damage from the spell, they may be destroyed immediately (2% chance).",每当一个生物受到此法术伤害时，它都可能立即被摧毁（2% 几率）。
spells.aura_of_decay.name,Aura of Decay,腐朽光环
spells.aza_gaze.conflict_prefix,The victims become conflicted for ,受害者陷入冲突
spells.aza_gaze.conflict_suffix," turns, causing them to view any creature as their enemy.",回合，使它们把任何生物都视为敌人。
spells.aza_gaze.descr,"Channels the chaos of Azathoth unto all visible enemies. The channel can only be opened for a fraction of a second, but even this is enough to cause great physical and mental devastation.",将阿撒托斯的混沌引向所有可见敌人。通道只能开启一瞬，但即便如此也足以造成巨大的肉体与精神毁灭。
spells.aza_gaze.dmg_prefix,The spell deals ,法术造成
spells.aza_gaze.dmg_suffix, damage to each creature.,点伤害给每个生物。
spells.aza_gaze.faint_prefix,Causes the victims to faint for ,使受害者昏厥
spells.aza_gaze.faint_suffix," turns, if they are susceptible.",回合，如果它们会受此影响。
spells.aza_gaze.mon_hit_middle, is,__EMPTY__
spells.aza_gaze.name,Azathoth's Gaze,阿撒托斯凝视
spells.aza_gaze.player_hit_prefix,I am,我
spells.aza_gaze.wracked_by_chaos_suffix, wracked by chaos.,被混沌折磨。
spells.aza_gaze_sound,An insane cacophony resounds through the air!,疯狂的刺耳巨响在空中回荡！
spells.bless.descr,"The caster becomes more lucky (+10% to hit chance, evasion, stealth, and searching).",施法者变得更加幸运（命中率、闪避、潜行和搜索各+10%）。
spells.bless.name,Bless,祝福
spells.blind.name,Blind,致盲
spells.blood_tempering.descr,"Through ardous suffering, the caster tempers their body to resist physical force (cannot be harmed by normal attacks, however other forms of damage such as fire is still harmful).",通过艰苦的痛苦，施法者淬炼自己的身体以抵抗物理力量（不会被普通攻击伤害，但火焰等其他形式的伤害仍然有害）。
spells.blood_tempering.name,Blood Tempering,鲜血淬炼
spells.boundary_sigil.descr_actions_prefix,The sigil can prevent ,该印记可阻止
spells.boundary_sigil.descr_actions_suffix," actions before it fades, though it also has a small chance to fade each turn.",次行动后消散，但每回合也有很小几率自行消退。
spells.boundary_sigil.descr_floor_only,"Can only be inscribed on floor, but may overwrite an existing sigil.",只能铭刻在地板上，但可以覆盖已有的印记。
spells.boundary_sigil.descr_main,"Inscribes a magical sigil upon the ground, preventing Outer Beings, Undead and Summoned creatures from entering it or making melee attacks across its boundary.",在地面上铭刻一道魔法印记，阻止外界存在、不死生物和被召唤生物进入其中，或隔着其边界进行近战攻击。
spells.boundary_sigil.name,Inscribe Boundary Sigil,铭刻边界印记
spells.bugs_attack_each_other,The bugs on the ground all start to attack each other.,地上的虫子突然全都开始互相攻击。
spells.bugs_move_feebly,The bugs on the ground suddenly move very feebly.,地上的虫子突然动得非常无力。
spells.bugs_move_slowly,The bugs on the ground suddenly move very slowly.,地上的虫子突然动得非常缓慢。
spells.bugs_scatter_away,The bugs on the ground suddenly scatter away.,地上的虫子突然四散逃开。
spells.cancellation.descr_allies_prefix,From caster/allies: ,从施法者/盟友身上移除：
spells.cancellation.descr_allies_suffix,.,。
spells.cancellation.descr_enemies_prefix,"Effects removed from enemies: All resistances, ",从敌人身上移除的效果：所有抗性、
spells.cancellation.descr_enemies_suffix,.,。
spells.cancellation.descr_main,Cancels temporary effects on nearby creatures. Pierces through and removes Spell Shield.,消解附近生物的临时效果。穿透并移除法术护盾。
spells.cancellation.descr_range_prefix,The spell has a maximum range of ,法术的最大范围为
spells.cancellation.descr_range_suffix," steps, reaching through solid obstacles.",步，可穿透坚固障碍物。
spells.cancellation.descr_vulnerable_prefix,"Outer Beings, Undead or Summoned creatures also take ",外界存在、不死生物或被召唤生物还会受到
spells.cancellation.descr_vulnerable_suffix, damage.,点伤害。
spells.cancellation.name,Cancellation,消解
spells.cast_requires_sounds,Casting this spell requires making sounds.,施放此法术需要发出声音。
spells.cast_silently,The spell can be cast silently.,此法术可以无声施放。
spells.cataclysm.descr,Blasts the surrounding area with terrible force.,以可怕的力量轰击周围区域。
spells.cataclysm.name,Cataclysm,大灾变
spells.cataclysm.skill_descr,Higher skill levels increases the magnitude of the destruction.,更高的技能等级会增强毁灭的规模。
spells.clairvoyance.descr,"Reveals the presence of doors, traps, stairs, and other locations of interest in the surrounding area.",揭示周围区域中门、陷阱、楼梯和其他值得注意地点的存在。
spells.clairvoyance.name,Clairvoyance,千里眼
spells.clairvoyance.reveals_items,Also reveals items.,还会揭示物品。
spells.clairvoyance.reveals_items_creatures,Also reveals items and creatures.,还会揭示物品和生物。
spells.cleansing_fire.burn_prefix,Causes the spell's victims to burn for ,使法术受害者燃烧
spells.cleansing_fire.burn_suffix," turns, and scorches the ground around them with fire (be careful with hitting adjacent creatures).",回合，并用火焰灼烧它们周围的地面（小心击中相邻生物）。
spells.cleansing_fire.name,Cleansing Fire,净化之火
spells.control_object.descr,"Opens doors, chests, tombs, or cabinets. Closes or jams doors. Strikes doors, braziers, or statues.",打开门、箱子、坟墓或柜子。关闭或堵住门。攻击门、火盆或雕像。
spells.control_object.max_distance_prefix,Maximum control distance is ,最大控制距离为
spells.control_object.max_distance_suffix,.,。
spells.control_object.name,Control Object,控制物体
spells.control_object.select_descr,"When casting the spell, select a seen object to control within the maximum distance.",施放法术时，在最大距离内选择一个已看见的物体来控制。
spells.control_object.walls_destroyed, Walls can be destroyed.,墙壁可以被摧毁。
spells.crimson_passage.infinite_steps,"An infinite number of steps may be taken, the spell is only limited by the number of hit points.",可以踏出无限步数，该法术只受生命值数量限制。
spells.crimson_passage.name,Crimson Passage,猩红通道
spells.crimson_passage.recast_cancels,Casting the spell again while it is already active cancels the effect (this does not drain hit points or cause shock).,在效果已激活时再次施放该法术会取消效果（这不会消耗生命值，也不会造成震撼）。
spells.crimson_passage.steps_suffix, steps may be taken before the effect ends.,步后效果结束。
spells.curse.close_paren,),）
spells.curse.doom_chance_middle,"% chance, the victims instead become ",%几率，受害者会转而变成
spells.curse.doom_chance_prefix,With ,有
spells.curse.name,Curse,诅咒
spells.curse.prop_open_paren, (,（
spells.curse.victims_prefix,The spell's victims are ,法术的受害者会变成
spells.dark_sphere_fizzles,"A dark sphere materializes, but quickly fizzles out.",一个黑暗球体成形，但很快就消散了。
spells.darkbolt.descr,"A bolt of siphoned energy is hurled towards a target with great force. The conjured bolt has some will on its own - once released, it seeks creatures that pose a threat, precise control is therefore not possible.",一支被汲取出的能量箭以强大力量射向目标。被召唤出的能量箭有一定自主意志——一旦释放，它会寻找构成威胁的生物，因此无法精确控制。
spells.darkbolt.distant_explosion," If the target is sufficiently far away from the caster, the bolt explodes on impact.",如果目标距离施法者足够远，能量箭会在命中时爆炸。
spells.darkbolt.hit_msg_ending,struck by a blast!,被暗能冲击击中！
spells.darkbolt.impact_dmg_prefix,The impact deals ,冲击造成
spells.darkbolt.impact_dmg_suffix, damage.,点伤害。
spells.darkbolt.name,Darkbolt,暗能箭
spells.darkbolt.paralyze, The target is paralyzed.,目标被麻痹。
spells.darkbolt.paralyze_burn, The target is paralyzed and set aflame.,目标被麻痹并被点燃。
spells.darkbolt_release_sound,I hear something rushing through the air.,我听到有什么东西划破空气飞来。
spells.deafen.name,Deafen,致聋
spells.destruction_rages_prefix,Destruction rages around ,毁灭在
spells.destruction_rages_suffix,!,周围肆虐！
spells.disease.afflict_prefix,A horrible disease is starting to afflict ,一种可怕的疾病开始折磨
spells.disease.name,Disease,疾病
spells.domain.blood,Blood,鲜血
spells.domain.channeling,Channeling,导能
spells.domain.corruption,Corruption,腐化
spells.domain.illusion,Illusion,幻象
spells.domain.mind,Mind,心灵
spells.domain.time,Time,时间
spells.domain.warding,Warding,守护
spells.domain_descr_prefix,"It belongs to the """,它属于“
spells.domain_descr_suffix,""" domain.",”领域。
spells.duration_indefinite,The spell lasts indefinitely.,法术无限期持续。
spells.duration_prefix,The spell lasts ,法术持续
spells.duration_suffix, turns.,回合。
spells.enfeeble.descr,"Physically enfeebles the spell's victims, causing them to only do half damage in melee combat.",从肉体上削弱法术的受害者，使其在近战中只能造成一半伤害。
spells.enfeeble.name,Enfeeble,虚弱
spells.erudition.descr_main,Temporarily bestows the caster with an expanded understanding of the esoteric mechanisms behind magical practice. The caster's skill is improved by one level for all spells.,暂时赋予施法者对魔法实践背后神秘机制的更深理解。施法者所有法术的技能等级都会提高一级。
spells.erudition.duration_normal_suffix,", or until a spell is cast (either from a Manuscript or from memory).",，或者直到施放一个法术为止（无论来自手稿还是记忆）。
spells.erudition.duration_prefix,The spell lasts ,法术持续
spells.erudition.duration_transcendent_suffix,". The effect does not end when casting spells, only when the duration expires.",。施放法术时效果不会结束，只有在持续时间到期时才会结束。
spells.erudition.duration_turns, turns,回合
spells.erudition.name,Erudition,博学
spells.exclamation,!,！
spells.explosion_sound,I hear an explosion!,我听到一声爆炸！
spells.expulsion.descr_all,All visible hostile creatures are teleported away.,所有可见敌对生物都会被传送走。
spells.expulsion.descr_one,One random visible hostile creature is teleported away.,一个随机可见敌对生物会被传送走。
spells.expulsion.forced,The teleportation is forced; the target can never control it.,这是强制传送；目标永远无法控制它。
spells.expulsion.max_dist_prefix,Max distance is ,最大距离为
spells.expulsion.max_dist_suffix, steps.,步。
spells.expulsion.name,Expulsion,驱逐
spells.faint_stutter_in_time,There is a faint stutter in time.,时间出现了一阵微弱的停顿。
spells.feel_dizzy,I feel dizzy.,我感到头晕。
spells.flames_rising_prefix,Flames are rising around ,火焰在
spells.flames_rising_suffix,!,周围升起！
spells.force_bolt.hit_msg_ending,struck by a bolt!,被力能箭击中！
spells.force_bolt.name,Force Bolt,力能箭
spells.force_pushes_prefix,A force pushes ,一股力量推着
spells.force_pushes_suffix,!,！
spells.forgotten_descr_prefix,Forgotten - this spell can no longer be cast from memory. ,已遗忘 - 此法术不能再凭记忆施放。
spells.forgotten_hint,Forgotten spells can be recalled by studying inscribed objects or by casting them from a manuscript.,遗忘的法术可以通过研究铭文物体或从手稿中施放来回忆。
spells.frenzy.descr,"Incites a great rage in the caster, who will charge their enemies with a terrible, uncontrollable fury.",激起施法者的极度愤怒，他们将以可怕的、无法控制的狂怒冲向敌人。
spells.frenzy.name,Incite Frenzy,激怒狂乱
spells.gnawing_torrent.above_max_hp_descr,Hit points can be raised above the normal maximum level.,生命值可以被提升到正常上限以上。
spells.gnawing_torrent.descr,Unleashes a stream of devouring energy upon the caster's victims.,向施法者的受害者释放一股吞噬能量流。
spells.gnawing_torrent.hit_msg_ending,fed upon!,被吞噬生命！
spells.gnawing_torrent.life_feed_descr,"Each impact feeds life force back to the caster, providing 1 hit point (only against creatures of flesh and blood; ethereal creatures cannot be fed upon for example).",每次命中都会把生命力反馈给施法者，提供 1 点生命值（仅对血肉生物有效；例如无法从以太生物身上吞噬生命）。
spells.gnawing_torrent.name,Gnawing Torrent,啃噬洪流
spells.gnawing_torrent.projectiles_prefix," projectiles are conjured, each dealing ",枚投射物被召唤，每枚造成
spells.gnawing_torrent.projectiles_suffix, damage.,点伤害。
spells.haste.descr,The caster moves faster relative to the world around them.,施法者相对于周围世界移动得更快。
spells.haste.name,Haste,加速
spells.heal_others.name,Heal Others,治疗他者
spells.healing.cures_basic,Cures weakening and poisoning.,治愈虚弱和中毒。
spells.healing.cures_master,"Cures weakening, poisoning, infections, disease, blindness and deafness.",治愈虚弱、中毒、感染、疾病、失明和失聪。
spells.healing.heals_wound,Heals one wound.,治疗一个伤口。
spells.healing.name,Healing,治疗
spells.healing.regen_prefix,"+1 hit point regenerated per turn, for ",每回合恢复+1生命值，持续
spells.healing.regen_suffix, turns.,回合。
spells.healing.restore_prefix,Restores ,恢复
spells.healing.restore_suffix, hit points.,点生命值。
spells.identify.allowed_basic,Manuscripts,手稿
spells.identify.allowed_expert,Manuscripts and Potions,手稿和药水
spells.identify.allowed_master,all items,所有物品
spells.identify.allowed_prefix,The spell can identify ,该法术可以鉴定
spells.identify.allowed_suffix,.,。
spells.identify.descr_all_items,Immediately identifies all carried items.,立即鉴定所有携带中的物品。
spells.identify.descr_one_item,Identifies one carried item.,鉴定一件携带中的物品。
spells.identify.name,Identify,鉴定
spells.images_appear,Images appear!,影像出现了！
spells.immolation.name,Immolation,焚烧
spells.impact_sound,I hear an impact.,我听到一声撞击。
spells.invisibility.descr_advanced,"The caster is truly invisible for the duration of the the spell, and can freely attack or cast spells without breaking the invisibility.",在法术持续期间，施法者将真正隐形，可以自由攻击或施放法术而不会打破隐形。
spells.invisibility.descr_basic,Attacking or casting spells reveals the caster.,攻击或施放法术会暴露施法者。
spells.invisibility.descr_main,Makes the caster invisible to normal vision for a brief time.,使施法者暂时对普通视觉隐形。
spells.invisibility.name,Invisibility,隐形
spells.is_struck_suffix, is struck.,被击中了。
spells.knockback.name,Knockback,击退
spells.light.descr_blind_prefix,"On casting, causes a blinding flash centered on the caster (but not affecting the caster itself). The blinding effect lasts ",施放时，会以施法者为中心产生一道致盲闪光（但不会影响施法者自身）。致盲效果持续
spells.light.descr_blind_suffix, turns.,回合。
spells.light.descr_burn_prefix,The flash is so intense that any victim caught in it will also burn for ,闪光强烈到使任何被其波及的受害者还会燃烧
spells.light.descr_burn_suffix, turns.,回合。
spells.light.descr_main,Illuminates the area around the caster.,照亮施法者周围的区域。
spells.light.name,Light,光明
spells.little_to_offer,I feel like I have very little to offer.,我觉得自己几乎无物可献。
spells.me,me,我
spells.migo_hypnosis.name,MiGo Hypnosis,米戈催眠
spells.mirror_images.creates_middle, mirror images. They exist for ,个镜像。它们存在
spells.mirror_images.creates_prefix,Creates ,创造
spells.mirror_images.creates_suffix, turns (their own turns).,回合（以它们自己的回合计）。
spells.mirror_images.descr,Conjures illusory duplicates of the caster to mislead enemies and draw their attacks.,召唤施法者的幻象复制体，以误导敌人并吸引它们的攻击。
spells.mirror_images.name,Mirror Images,镜像
spells.mirror_images.presence_descr,"The mirror images project a powerful magical presence, causing attackers to prefer them over the caster. As magical apparitions rather than living creatures, they are extremely difficult to strike with conventional attacks. They are immune to elemental damage and largely unaffected by physical or mental afflictions.",镜像散发强大的魔法存在感，使攻击者更倾向于攻击它们而不是施法者。它们是魔法幻影而非活物，常规攻击极难命中。它们免疫元素伤害，并且基本不受身体或精神异常影响。
spells.momentary_void,A momentary void opens and closes.,一个瞬间的虚空开启又闭合。
spells.not_alerting_mon_descr,Casting this spell does not alert the victim to the caster's presence.,施放此法术不会让受害者察觉施法者的存在。
spells.nothing_appears,Nothing appears.,什么也没有出现。
spells.nothing_more_to_shed,There is nothing more to shed.,已经没有更多可以舍弃的了。
spells.period,.,。
spells.pestilence.descr,A pack of rats appear around the caster.,一群鼠类出现在施法者周围。
spells.pestilence.hasted_rats,The rats are Hasted (moves faster).,这些老鼠获得加速（移动更快）。
spells.pestilence.name,Pestilence,瘟疫
spells.pestilence.summons_middle, rats. They exist for ,只老鼠。它们存在
spells.pestilence.summons_prefix,Summons ,召唤
spells.pestilence.summons_suffix, turns (their own turns).,回合（以它们自己的回合计）。
spells.pestilence.transcendent_rats,"Some of the rats are ethereal (much harder to hit, can move through solid objects), are immune to magic, can cast spells, and have extra hit points and damage.",其中一些老鼠是以太形态（更难命中，可以穿过实体物体），免疫魔法，可以施放法术，并拥有额外生命值和伤害。
spells.poison.close_paren,),）
spells.poison.name,Poison,中毒
spells.poison.prop_open_paren, (,（
spells.poison.victims_prefix,The spell's victims are ,法术的受害者会变成
spells.premonition.descr,"Grants foresight of attacks against the caster, making it extremely difficult for assailants to achieve a succesful hit.",赋予施法者对针对自身攻击的预知，使袭击者极难成功命中。
spells.premonition.name,Premonition,预感
spells.projected_strike.attack_prefix,"Each projection attacks a visible enemy, using the caster's combat skill with +",每个投影攻击一个可见敌人，使用施法者的战斗技能并获得 +
spells.projected_strike.attack_suffix,% hit chance bonus. No enemy can be targeted more than once.,% 命中率加成。没有敌人会被选为目标超过一次。
spells.projected_strike.attacker_descr,"The caster acts as attacker - all normal conditions that affect hit chance or damage apply (e.g. bonus damage from melee traits, or damage penalty from being weakened).",施法者被视为攻击者 - 所有影响命中率或伤害的常规条件都会生效（例如近战特质的额外伤害，或虚弱造成的伤害惩罚）。
spells.projected_strike.descr,Launches a psychic projection of the caster's carried melee weapons.,发射施法者携带的近战武器的灵能投影。
spells.projected_strike.max_weapons_middle,__SPACE__,__EMPTY__
spells.projected_strike.max_weapons_prefix,A maximum of ,最多可使用
spells.projected_strike.max_weapons_suffix, may be used for attacking.,进行攻击。
spells.projected_strike.name,Projected Strike,投影打击
spells.projected_strike.unlimited_weapons,An unlimited number of weapons can be used for atacking.,可以使用无限数量的武器进行攻击。
spells.projected_strike.weapon_plural,weapons,件武器
spells.projected_strike.weapon_singular,weapon,件武器
spells.projectile_hit_it,It,它
spells.projectile_hit_mon_suffix, is,__EMPTY__
spells.projectile_hit_player_prefix,I am,我
spells.projectile_hit_space,__SPACE__,__EMPTY__
spells.purge.destroy_adjacent_descr,"Destroys any altars, monoliths, gongs, or mirrors adjacent to the caster.",摧毁施法者相邻的任何祭坛、巨石、铜锣或镜子。
spells.purge.name,Purge,肃清
spells.purge.undead_struck_middle," damage, and become terrified for ",点伤害，并恐惧
spells.purge.undead_struck_prefix,All Undead creatures adjacent to the caster (seen or not) are struck with ,施法者相邻的所有亡灵生物（无论是否可见）都会被击中，受到
spells.purge.undead_struck_suffix, turns (unless they resist fear).,回合（除非它们抵抗恐惧）。
spells.rats_appear,Rats appear!,鼠群出现了！
spells.reflected,The spell is reflected!,法术被反射了！
spells.resist_player,I resist the spell!,我抵抗了法术！
spells.resists_suffix, resists the spell!,抵抗了法术！
spells.sacrifice_life.descr,Sacrifices the life force of the caster in order to restore the spirit. The amount restored is proportional to the life lost. A maximum of 8 hit points may be sacrificed.,牺牲施法者的生命力以恢复精神。恢复量与失去的生命成正比。最多可以牺牲8点生命值。
spells.sacrifice_life.name,Sacrifice Life,牺牲生命
spells.sacrifice_life.spirit_point_plural_suffix, spirit points are gained.,点精神。
spells.sacrifice_life.spirit_point_prefix,"For each hit point sacrificed, ",每牺牲1点生命值，就获得
spells.sacrifice_life.spirit_point_singular_suffix, spirit point is gained.,点精神。
spells.sanctuary.descr,The caster is ignored by all hostile creatures for the duration of the spell. The effect is interrupted if the caster moves or performs a melee or ranged attack.,在法术持续期间，所有敌对生物都会忽视施法者。如果施法者移动或进行近战或远程攻击，效果会被中断。
spells.sanctuary.name,Sanctuary,圣域
spells.scales_grow_over_eyes_prefix,Scales grow over the eyes of ,鳞片长满了
spells.scales_grow_over_my_eyes,Scales grow over my eyes!,鳞片长满了我的眼睛！
spells.see_invisible.descr,Grants the caster the ability to see the invisible.,赋予施法者看见隐形之物的能力。
spells.see_invisible.name,See Invisible,看见隐形
spells.sense_sigil_failed_to_bind,I sense that the sigil failed to bind here.,我感觉印记未能在此处绑定。
spells.sharp_droning,There is a sharp droning in my head!,我的脑中响起尖锐的嗡鸣！
spells.shed_impurity.bonus_middle," hit points are lost, then ",点生命值，则
spells.shed_impurity.bonus_prefix,If at least ,如果至少失去
spells.shed_impurity.cures_basic,weakening and poisoning are cured.,治愈虚弱和中毒。
spells.shed_impurity.cures_expert,"weakening, poisoning, infection and disease are cured.",治愈虚弱、中毒、感染和疾病。
spells.shed_impurity.cures_master,"weakening, poisoning, infection, disease and slowing are cured.",治愈虚弱、中毒、感染、疾病和迟缓。
spells.shed_impurity.cures_transcendent_prefix,"weakening, poisoning, infection, disease and slowing are cured. The caster is also blessed for ",治愈虚弱、中毒、感染、疾病和迟缓。施法者还会获得祝福，持续
spells.shed_impurity.cures_transcendent_suffix, turns.,回合。
spells.shed_impurity.current_removed_prefix, Currently ,当前会移除
spells.shed_impurity.current_removed_suffix, hit points would be removed.,点生命值。
spells.shed_impurity.descr,"Purifies the caster by carving away all that is extraneous, revealing the essential core of their being.",通过剜除一切多余之物净化施法者，显露其存在的本质核心。
spells.shed_impurity.moribund_prefix,Hit points are lowered to the limit where the Moribund effect is activated (bonuses for having low hit points). This limit is at ,生命值会降至触发濒死效果的阈值（低生命值加成）。该阈值为
spells.shed_impurity.moribund_suffix, hit points.,点生命值。
spells.shed_impurity.name,Shed Impurity,蜕除污秽
spells.skill.basic,basic,基础
spells.skill.expert,expert,专家
spells.skill.master,master,大师
spells.skill.transcendent,transcendent,超凡
spells.skill_bonus.altar,altar,祭坛
spells.skill_bonus.erudition,erudition,博学
spells.skill_bonus.manuscript,manuscript,手稿
spells.skill_bonus.necronomicon,necronomicon,死灵之书
spells.skill_descr_prefix,The spell can be cast at ,此法术可以以
spells.skill_descr_suffix, level,等级施放
spells.slow.descr,Causes the spell's victims to move more slowly.,使法术的受害者移动得更慢。
spells.slow.name,Slow,迟缓
spells.someone,Someone,某人
spells.something,Something,某物
spells.space,__SPACE__,__EMPTY__
spells.spell_shield.descr,Grants protection against harmful spells. The effect lasts until a spell is blocked.,赋予对有害法术的防护。效果会持续到有一个法术被阻挡为止。
spells.spell_shield.name,Spell Shield,法术护盾
spells.suddenly_flayed_alive_suffix, is suddenly flayed alive!,突然被活剥了！
spells.summon_tentacles.appear_msg,Monstrous tentacles rise up from the ground!,巨大的触手从地面升起！
spells.symbol_fails_to_bind,"A symbol flickers briefly, but fails to bind here.",一个符号短暂闪烁，但未能在此处绑定。
spells.target.all_visible_hostile,Affects all visible hostile creatures.,影响所有可见敌对生物。
spells.target.one_visible_hostile,Affects one random visible hostile creature.,影响一个随机可见敌对生物。
spells.teleport.descr_main,Instantly moves the caster to a different position.,立即将施法者移动到另一个位置。
spells.teleport.invis_prefix,"On teleporting, the caster is invisible for ",传送后，施法者会隐形
spells.teleport.invis_suffix, turns.,回合。
spells.teleport.max_dist_prefix,Maximum teleport distance is ,最大传送距离为
spells.teleport.max_dist_suffix,.,。
spells.teleport.name,Teleport,传送
spells.temporal_echo.descr_main,"For all visible enemies, time is manipulated so that damage taken during a brief period will recur when the effect ends.",对于所有可见敌人，时间会被操纵，使其在短暂期间内受到的伤害在效果结束时再次重现。
spells.temporal_echo.duration_middle, turns (their turns). ,回合（按它们自己的回合计）。期间受到的伤害中有
spells.temporal_echo.duration_prefix,The effect lasts for ,效果持续
spells.temporal_echo.duration_suffix,% of the damage taken during the effect is dealt again.,%会再次结算。
spells.temporal_echo.name,Temporal Echo,时间回响
spells.tenebrous_descr_prefix,Tenebrous - this spell will be instantly forgotten if cast from memory. ,晦暗 - 如果凭记忆施放，此法术会立刻被遗忘。
spells.terrify.creature_plural,creatures,生物
spells.terrify.creature_singular,creature,生物
spells.terrify.descr,Inflicts a nightmare illusion that overwhelms its victims with dread.,施加一场噩梦般的幻象，使受害者被恐惧淹没。
spells.terrify.descr_transcendent,Affected creatures also faint.,受影响的生物还会昏厥。
spells.terrify.faint_chance_middle,% chance to also make affected ,%几率让受影响的
spells.terrify.faint_chance_prefix,Has a ,有
spells.terrify.faint_chance_suffix, faint.,昏厥。
spells.terrify.name,Terrify,恐惧
spells.thorns.name,Thorns,荆棘
spells.thorns.return_damage_prefix,The spell returns ,该法术会向攻击者反弹
spells.thorns.return_damage_suffix, damage to the attacker.,点伤害。
spells.threat_projection.descr,"Distorts the perception of the spell's victims, causing all other creatures to be misidentified as enemies.",扭曲法术受害者的感知，使其把所有其他生物都误认为敌人。
spells.threat_projection.name,Threat Projection,威胁投射
spells.transmutation.appears_plural,appear,出现了
spells.transmutation.appears_singular,appears,出现了
spells.transmutation.chance_suffix,% chance.,%几率转化药水或手稿。
spells.transmutation.descr_main,"Attempts to convert items (stand over an item when casting). On failure, the item is destroyed.",尝试转化物品（施法时站在物品上）。失败时，该物品会被摧毁。
spells.transmutation.disappears_plural,disappear,消失了
spells.transmutation.disappears_singular,disappears,消失了
spells.transmutation.item_before_prefix,The ,__EMPTY__
spells.transmutation.manuscript_chance_prefix,Converts Manuscripts with ,以
spells.transmutation.name,Transmutation,变形术
spells.transmutation.potion_chance_prefix,Converts Potions with ,以
spells.transmutation.weapon_chance_plus_one,"% chance for a +1 weapon, ",%，+2武器的几率为
spells.transmutation.weapon_chance_plus_three,"% chance for a +3 weapon, etc.",%，依此类推。
spells.transmutation.weapon_chance_plus_two,"% chance for a +2 weapon, ",%，+3武器的几率为
spells.transmutation.weapon_chance_prefix,"Melee weapons with at least +1 damage (not counting any damage bonus from skills) are converted to a Potion or Manuscript, with ",至少有+1伤害的近战武器（不包括技能带来的伤害加成）会被转化为药水或手稿，+1武器的几率为
spells.unexpected_effect,An unexpected effect was induced by the spell.,法术引发了意想不到的效果。
spells.unravels_suffix, unravels.,解体了。
spells.vague_change_in_air,There is a vague change in the air.,空气中有一阵模糊的变化。
spells.weapon_visions,"Visions of hacking, crushing and stabbing fill my mind.",劈砍、碾碎与穿刺的景象充满了我的脑海。
teleport.different_location,I suddenly find myself in a different location!,我突然发现自己身处一个不同的位置！
teleport.intercepts_my_teleportation,intercepts my teleportation!,拦截了我的传送！
terrain.alchemist_workbench,alchemist's workbench,炼金术士的工作台
terrain.alchemist_workbench_burns_down,The alchemist's workbench burns down.,炼金术士的工作台烧毁了。
terrain.alchemist_workbench_destroyed,The alchemist's workbench is destroyed.,炼金术士的工作台被摧毁了。
terrain.alchemist_workbench_empty,The alchemist's workbench is empty.,炼金术士的工作台是空的。
terrain.alchemist_workbench_here,There is an alchemist's workbench here.,这里有一个炼金术士的工作台。
terrain.alchemist_workbench_on_fire,The alchemist's workbench is on fire.,炼金术士的工作台着火了。
terrain.already_open,It is already open.,它已经打开了。
terrain.altar,altar,祭坛
terrain.altar_destroyed,The altar is destroyed.,祭坛被摧毁了。
terrain.article_a_space,a ,__EMPTY__
terrain.article_an_space,an ,__EMPTY__
terrain.article_the_space,the ,__EMPTY__
terrain.attempt_push_lid,I attempt to push the lid.,我试着推开盖子。
terrain.bones,bones,骸骨
terrain.bones_article_a,__EMPTY__,__EMPTY__
terrain.bookshelf,bookshelf,书架
terrain.bookshelf_burns_down,The bookshelf burns down.,书架烧毁了。
terrain.bookshelf_destroyed,The bookshelf is destroyed.,书架被摧毁了。
terrain.bookshelf_empty,The bookshelf is empty.,书架是空的。
terrain.bookshelf_here,There is a bookshelf here.,这里有一个书架。
terrain.bookshelf_on_fire,The bookshelf is on fire.,书架着火了。
terrain.brazier,brazier,火盆
terrain.bridge,bridge,桥
terrain.bump_into_something,I bump into something.,我撞到了什么东西。
terrain.cabinet,cabinet,柜子
terrain.cabinet_burns_down,The cabinet burns down.,柜子烧毁了。
terrain.cabinet_destroyed,The cabinet is destroyed.,柜子被摧毁了。
terrain.cabinet_empty,The cabinet is empty.,柜子是空的。
terrain.cabinet_here,There is a cabinet here.,这里有一个柜子。
terrain.cabinet_on_fire,The cabinet is on fire.,柜子着火了。
terrain.cabinet_opens,The cabinet opens.,柜子打开了。
terrain.carpet,carpet,地毯
terrain.carpet_article_a,__EMPTY__,__EMPTY__
terrain.catches_fire_suffix, catches fire.,着火了。
terrain.chains_article_a,__EMPTY__,__EMPTY__
terrain.chains_article_the,the ,__EMPTY__
terrain.chains_name,rusty chains,生锈的锁链
terrain.chains_rattle,The chains rattle.,锁链嘎嘎作响。
terrain.chasm,chasm,深渊
terrain.chasm_edge,I realize I am standing on the edge of a chasm.,我意识到自己正站在深渊边缘。
terrain.chasm_in_way,A chasm lies in my way.,一道深渊挡住了我的路。
terrain.chest,chest,箱子
terrain.chest_empty,The chest is empty.,箱子是空的。
terrain.chest_empty_prefix,empty ,空的
terrain.chest_here,There is a chest here.,这里有一个箱子。
terrain.chest_iron_prefix,iron ,铁制
terrain.chest_locked,The chest is locked.,箱子锁上了。
terrain.chest_locked_prefix,locked ,锁住的
terrain.chest_on_fire,The chest is on fire.,箱子着火了。
terrain.chest_open_prefix,open ,打开的
terrain.chest_opens,The chest opens.,箱子打开了。
terrain.chest_wooden_prefix,wooden ,木制
terrain.church_bench,church bench,教堂长椅
terrain.church_bench_destroyed,The church bench is destroyed.,教堂长椅被摧毁了。
terrain.cocoon,cocoon,茧
terrain.cocoon_burns_down,The cocoon burns down.,茧烧毁了。
terrain.cocoon_destroyed,The cocoon is destroyed.,茧被摧毁了。
terrain.cocoon_empty,The cocoon is empty.,茧是空的。
terrain.cocoon_half_dissolved_body,There is a half-dissolved human body inside!,里面有一具半溶解的人体！
terrain.cocoon_here,There is a cocoon here.,这里有一个茧。
terrain.cocoon_on_fire,The cocoon is on fire.,茧着火了。
terrain.cocoon_opens,The cocoon opens.,茧打开了。
terrain.cocoon_spiders_inside,There are spiders inside!,里面有蜘蛛！
terrain.crystal_dead,dead,失活
terrain.crystal_gleaming,gleaming,闪光
terrain.crystal_suffix, crystal,水晶
terrain.debris_big_pile,big pile of debris,大堆碎石
terrain.descend_option,(D)escend,(D)下楼
terrain.descend_stairs,I descend the stairs.,我走下楼梯。
terrain.diabolic_altar_warning,"A diabolic altar has been raised here, it must be destroyed!",这里升起了一座邪恶祭坛，必须将它摧毁！
terrain.does_not_yield,It does not yield at all.,它完全没有松动。
terrain.downward_staircase,downward staircase,向下的楼梯
terrain.drink_from_fountain,I drink from the fountain...,我从喷泉中饮水……
terrain.drink_from_prefix,Drink from ,从
terrain.fake_stairs_body,"As I descend the stairs and observe my surroundings, to my great bewilderment I realize that I have stepped out into the very same ground from which I started my downward climb! Turning around, the stairs are nowhere to be found.",当我走下楼梯并观察周围时，我惊讶地发现自己竟然踏回了开始下行的同一片地面！转身一看，楼梯已经无处可寻。
terrain.falls_on_me,It falls on me!,它砸到了我！
terrain.falls_on_prefix,It falls on ,它砸到了
terrain.feel_more_powerful,I feel more powerful!,我感觉更强大了！
terrain.fire_spread_here,Fire has spread here!,火势蔓延到了这里！
terrain.fixture_burning_prefix,burning ,燃烧的
terrain.floor_article_a,__EMPTY__,__EMPTY__
terrain.floor_cavern_floor,cavern floor,洞穴地面
terrain.floor_flames,flames,火焰
terrain.floor_scorched_prefix,scorched ,焦黑的
terrain.floor_stone_floor,stone floor,石地板
terrain.floor_stone_path,stone path,石径
terrain.fountain,fountain,喷泉
terrain.fountain_blinding,blinding,致盲的
terrain.fountain_cursed,cursed,受诅咒的
terrain.fountain_destroyed,The fountain is destroyed.,喷泉被摧毁了。
terrain.fountain_diseased,diseased,染病的
terrain.fountain_dried_up,The fountain is dried-up.,喷泉已经干涸。
terrain.fountain_dried_up_name,dried-up,干涸的
terrain.fountain_dries_up,The fountain dries up.,喷泉干涸了。
terrain.fountain_enraging,enraging,激怒的
terrain.fountain_exalting,exalting,振奋的
terrain.fountain_here_dried_up,"There is a fountain here, but it's dried-up.",这里有一座喷泉，但它已经干涸了。
terrain.fountain_paralyzing,paralyzing,麻痹的
terrain.fountain_poisonous,poisonous,有毒的
terrain.fountain_refreshing,refreshing,清爽的
terrain.fountain_sleep_inducing,sleep-inducing,催眠的
terrain.fountain_type_separator,__SPACE__,__EMPTY__
terrain.gas_burst,I hear a burst of gas.,我听到一阵气体喷出声。
terrain.gleaming_pool,gleaming pool,闪光水池
terrain.grass,grass,草
terrain.grass_burning,burning grass,燃烧的草
terrain.grass_scorched_ground,scorched ground,焦黑地面
terrain.grass_withered,withered grass,枯草
terrain.grate,grate,栅格
terrain.gravestone_prefix,"gravestone (""","墓碑（"""
terrain.gravestone_suffix,""")","""）"
terrain.hear_chains_rattling,I hear chains rattling.,我听到锁链嘎嘎作响。
terrain.hear_crash,I hear a crash.,我听到一声撞击。
terrain.hear_splash,I hear a splash.,我听到水花声。
terrain.heavy_stone_sliding,I hear heavy stone sliding.,我听到沉重的石头滑动声。
terrain.here_drink_from_it_suffix, here. Drink from it?,。要从中饮水吗？
terrain.it_is_empty,It is empty.,它是空的。
terrain.legend_altar,Altar,祭坛
terrain.legend_brazier,Brazier,火盆
terrain.legend_fountain,Fountain,喷泉
terrain.legend_gleaming_crystal,Gleaming Crystal,闪光水晶
terrain.legend_inscribed_object,Inscribed Object,铭文物体
terrain.legend_stairs,Stairs,楼梯
terrain.legend_tomb,Tomb,坟墓
terrain.lid_comes_off,The lid comes off.,盖子脱落了。
terrain.lid_slams_open_falls_shut,"The lid slams open, then falls shut.",盖子猛地打开，然后又落下关上。
terrain.light_inside_fades,The light inside fades.,里面的光芒消退了。
terrain.lock_breaks_lid_flies_open,The lock breaks and the lid flies open!,锁断开，盖子飞开了！
terrain.lock_resists,The lock resists.,锁抵住了。
terrain.moves_little,It moves a little!,它移动了一点！
terrain.muffled_shatter,I hear a muffled shatter.,我听到一声闷闷的碎裂声。
terrain.no_more_items_of_interest,There are no more items of interest.,没有更多值得关注的物品。
terrain.nothing_happens,Nothing happens.,什么也没发生。
terrain.nothing_of_interest,There is nothing of interest.,没有值得关注的东西。
terrain.nothing_of_value_inside,There is nothing of value inside.,里面没有值钱的东西。
terrain.path_opened,I sense that a path has opened somewhere.,我感到某处有一条道路打开了。
terrain.peer_inside_tomb,I peer inside the tomb.,我向坟墓里窥视。
terrain.period,.,。
terrain.petroglyph,petroglyph,岩刻
terrain.pick_up_query_prefix,Pick up ,捡起
terrain.pillar,pillar,石柱
terrain.pillar_broken,broken pillar,断裂石柱
terrain.pillar_inscribed,inscribed pillar,刻文石柱
terrain.query_suffix,?,？
terrain.resists,It resists.,它抵住了。
terrain.rubble,rubble,瓦砾
terrain.rubble_article_a,__EMPTY__,__EMPTY__
terrain.rubble_burning_prefix,burning ,燃烧的
terrain.save_and_quit_option,(S)ave and quit,(S)保存并退出
terrain.scorched_by_flames_player,I am scorched by flames.,我被火焰灼伤了。
terrain.scorched_by_flames_suffix, is scorched by flames.,被火焰灼伤了。
terrain.search_alchemist_workbench,I search the alchemist's workbench.,我搜索炼金术士的工作台。
terrain.search_bookshelf,I search the bookshelf.,我搜索书架。
terrain.search_cabinet,I search the cabinet.,我搜索柜子。
terrain.search_chest,I search the chest.,我搜索箱子。
terrain.search_cocoon,I search the Cocoon.,我搜索茧。
terrain.seems_cleansed_prefix,The ,__EMPTY__
terrain.seems_cleansed_suffix, seems cleansed!,看起来被净化了！
terrain.seems_clearer_suffix, seems clearer.,中的水似乎更清澈了。
terrain.seems_futile,It seems futile.,这似乎徒劳无功。
terrain.seems_murkier_suffix, seems murkier.,中的水似乎更浑浊了。
terrain.shallow_mud,shallow mud,浅泥
terrain.shrub,shrub,灌木
terrain.shrub_burning,burning shrub,燃烧的灌木
terrain.shrub_withered,withered shrub,枯萎灌木
terrain.something_inside,There is something inside.,里面有东西。
terrain.stairs_down_title,A staircase leading downwards,向下的楼梯
terrain.stalagmite,stalagmite,石笋
terrain.statue,statue,雕像
terrain.statue_of_ghoulish_creature,statue of a ghoulish creature,食尸鬼状生物的雕像
terrain.step_into_flames_query,Step into the flames? ,要踏入火焰吗？
terrain.stone_box_here,There is a stone box here.,这里有一个石盒。
terrain.there_is_prefix,There is ,这里有
terrain.tomb,tomb,坟墓
terrain.tomb_air_colder,The air suddenly feels colder.,空气突然变冷了。
terrain.tomb_destroyed,The tomb is destroyed.,坟墓被摧毁了。
terrain.tomb_empty,The tomb is empty.,坟墓是空的。
terrain.tomb_empty_prefix,empty ,空的
terrain.tomb_fumes_burst,Fumes burst out from the tomb!,烟气从坟墓中喷涌而出！
terrain.tomb_marvelous_prefix,marvelous ,非凡的
terrain.tomb_open_prefix,open ,打开的
terrain.tomb_ornate_prefix,ornate ,华丽的
terrain.tomb_repulsive_creeps_up,Something repulsive creeps up from the tomb!,有什么令人作呕的东西从坟墓里爬了出来！
terrain.tomb_something_rises,Something rises from the tomb!,有什么东西从坟墓中升起！
terrain.topples_over,It topples over.,它倒下了。
terrain.topples_prefix,The ,__EMPTY__
terrain.topples_suffix, topples over.,倒下了。
terrain.touch_crystal_object,I touch some crystal object.,我触摸了某个水晶物体。
terrain.touch_prefix,I touch ,我触摸了
terrain.tree,tree,树
terrain.tree_giant_fungi,giant fungi,巨型真菌
terrain.trudge_through_mud,I trudge slowly through the knee high mud.,我缓慢跋涉过齐膝深的泥泞。
terrain.unload_prompt,Unload? [u],卸下？[u]
terrain.urn,urn,瓮
terrain.urn_inscribed,inscribed urn,刻文瓮
terrain.vegetation_article_a,__EMPTY__,__EMPTY__
terrain.vegetation_burning_prefix,burning ,燃烧的
terrain.vegetation_scorched_prefix,scorched ,焦黑的
terrain.very_refreshing,It's very refreshing.,非常清爽。
terrain.vines_burning,burning vines,燃烧的藤蔓
terrain.vines_hanging,hanging vines,垂藤
terrain.wade_through_water,I wade slowly through the knee high water.,我缓慢涉过齐膝深的水。
terrain.wall_alien,alien wall,异星墙壁
terrain.wall_cavern,cavern wall,洞穴墙壁
terrain.wall_cliff,cliff,悬崖
terrain.wall_moss_grown_prefix,moss-grown ,长苔的
terrain.wall_stone,stone wall,石墙
terrain.water,water,水
terrain.water_in_prefix,The water in ,喷泉
terrain.way_blocked,The way is blocked.,去路被挡住了。
terrain.wiggles,It wiggles a bit.,它摇晃了一下。
terrain_door.a,a ,一扇
terrain_door.attempt_to_open_it,Attempt to open it?,要尝试打开它吗？
terrain_door.blocked_prefix,The ,那扇
terrain_door.blocked_suffix, is blocked.,被挡住了。
terrain_door.break_open,open,打开
terrain_door.break_to_floor,to the floor,到地上
terrain_door.close_prefix,I close the ,我关上了
terrain_door.closes_suffix, closes.,关上了。
terrain_door.currently_being_opened_cannot_close,"The door is currently being opened, and cannot be closed.",门正在被打开，无法关闭。
terrain_door.door_burns_down,The door burns down.,门烧毁了。
terrain_door.door_crashes_a,A ,一扇
terrain_door.door_crashes_b, crashes ,猛烈撞上
terrain_door.exclaim,!,！
terrain_door.fail_close_suffix,", and fail to close it.",，但没能关上。
terrain_door.fail_open_suffix,", and fail to open it.",，但没能打开。
terrain_door.find_nothing_to_close,I find nothing there to close.,我没找到任何可关闭的东西。
terrain_door.foreboding_feeling,Something gives me a foreboding feeling.,有什么东西给了我一种不祥的感觉。
terrain_door.fumble_blindly_close_prefix,I fumble blindly with a ,我盲目地摸索着一扇
terrain_door.fumble_blindly_open_prefix,I fumble blindly with a ,我盲目地摸索着一扇
terrain_door.fumble_with_a,I fumble with a ,我摸索着一扇
terrain_door.fumbles_blindly_fail_open_a," fumbles blindly, and fails to open a ",盲目地摸索着，但没能打开一扇
terrain_door.fumbles_manages_open_a,"fumbles, but manages to open a ",摸索着，但设法打开了一扇
terrain_door.futile,It seems futile.,这样做似乎毫无用处。
terrain_door.hear_attempt_open_door,I hear something attempting to open a door.,我听到有什么东西试图打开一扇门。
terrain_door.hear_door_crashing_open,I hear a door crashing open!,我听到一扇门被撞开！
terrain_door.hear_door_open,I hear a door open.,我听到一扇门打开。
terrain_door.hear_door_open_awkwardly,I hear something open a door awkwardly.,我听到有什么东西笨拙地打开一扇门。
terrain_door.hear_loud_banging,I hear a loud banging.,我听到响亮的撞击声。
terrain_door.here, here.,在这里。
terrain_door.jam_prefix,I jam ,我用尖刺卡住了
terrain_door.legend,Door,门
terrain_door.legend_metal,Door (metal),门（金属）
terrain_door.legend_warded,Door (warded),门（受守护）
terrain_door.manage_close_suffix,", but manage to close it.",，但设法关上了。
terrain_door.manage_open_suffix,", but manage to open it.",，但设法打开了。
terrain_door.name_article_a,a ,一扇
terrain_door.name_article_an,an ,一扇
terrain_door.name_article_the,the ,那扇
terrain_door.name_barred_gate,barred gate,铁栅门
terrain_door.name_metal_door,metal door,金属门
terrain_door.name_modifier_burning,burning ,燃烧的
terrain_door.name_modifier_open,open ,打开的
terrain_door.name_modifier_stuck,stuck ,卡住的
terrain_door.name_short_door,door,门
terrain_door.name_unwarded_door,unwarded door,失去守护的门
terrain_door.name_warded_door,warded door,受守护的门
terrain_door.name_wooden_door,wooden door,木门
terrain_door.open_awkwardly_suffix, open awkwardly.,笨拙地打开。
terrain_door.open_prefix,I open the ,我打开了
terrain_door.open_query_prefix,Open ,打开
terrain_door.opening_suffix, opening.,正在打开。
terrain_door.opens_a, opens a ,打开了一扇
terrain_door.opens_suffix, opens.,打开了。
terrain_door.period,.,。
terrain_door.query_suffix,?,？
terrain_door.secret_revealed,A secret is revealed.,一个秘密被揭示了。
terrain_door.see_a,I see a ,我看见一扇
terrain_door.see_nothing_to_close,I see nothing there to close.,我没看到那里有什么可关闭的东西。
terrain_door.seems_stuck_suffix, seems to be stuck.,似乎被卡住了。
terrain_door.shotgun_blown_to_pieces_suffix, is blown to pieces!,被轰成碎片！
terrain_door.something_approaches,Something approaches...,有什么东西接近了...
terrain_door.something_blocking_prefix,Something is blocking the ,有东西挡住了
terrain_door.the,The ,那扇
terrain_door.the_lowercase,the ,那扇
terrain_door.there_is,There is ,这里有
terrain_door.with_a_spike, with a spike.,。
terrain_event.rats_discovery_msg,"Before me lies a twilit grotto of enormous height. An insane tangle of human bones extends for yards like a foamy sea - invariably in postures of demoniac frenzy, either fighting off some menace or clutching other forms with cannibal intent.",我面前是一座暮色笼罩、高耸无比的洞窟。一团疯狂纠缠的人骨绵延数码，如泡沫般铺开——姿态无不呈现出恶魔般的狂乱，有的像是在抵御某种威胁，有的则以食人的意图紧抓着其他形体。
terrain_event.rats_discovery_title,A gruesome discovery...,可怖的发现……
terrain_event.snakes_emerge,"Suddenly, vicious snakes slither up from cracks in the floor!",突然，凶恶的蛇从地板裂缝中钻了出来！
terrain_event.wall_collapse_heard,I hear walls collapsing!,我听见墙壁崩塌的声音！
terrain_event.wall_collapse_visible,"Suddenly, the walls collapse!",突然，墙壁崩塌了！
terrain_gong.article_a,a ,__EMPTY__
terrain_gong.article_the,the ,__EMPTY__
terrain_gong.crash_resonates,The crash resonates through the air!,撞击声在空气中回荡！
terrain_gong.gong_destroyed,The gong is destroyed.,铜锣被摧毁了。
terrain_gong.less_experienced,I feel less experienced.,我感觉经验变少了。
terrain_gong.more_experienced,I feel more experienced.,我感觉更有经验了。
terrain_gong.more_sane,I feel more sane.,我感觉更清醒了。
terrain_gong.must_be_destroyed,This unholy instrument must be destroyed!,这件不洁的器物必须被摧毁！
terrain_gong.nothing_happens,Nothing happens.,什么也没有发生。
terrain_gong.period,.,。
terrain_gong.received_prefix,I have received ,我获得了
terrain_gong.seems_cleansed, seems cleansed!,似乎被净化了！
terrain_gong.something_approaches,Something approaches...,有什么东西接近了...
terrain_gong.strike_gong,I strike the temple gong!,我敲响了神殿铜锣！
terrain_gong.strike_it,Strike it? ,敲击它？
terrain_gong.temple_gong_here,There is a temple gong here.,这里有一座神殿铜锣。
terrain_gong.temple_gong_legend,Temple Gong,神殿铜锣
terrain_gong.temple_gong_name,temple gong,神殿铜锣
terrain_gong.the_prefix,The ,那件
terrain_mirror.article_a,a ,__EMPTY__
terrain_mirror.article_the,the ,__EMPTY__
terrain_mirror.chilled_to_bone,"As I touch it, I am chilled to the bone.",一触碰它，我就冷到骨子里。
terrain_mirror.destroyed_suffix, is destroyed.,被摧毁了。
terrain_mirror.glass_surface,There is a glass surface here.,这里有一块玻璃表面。
terrain_mirror.hazy_mirror,hazy mirror,朦胧之镜
terrain_mirror.legend_text,Hazy Mirror,朦胧之镜
terrain_mirror.must_be_destroyed,This evil artifact must be destroyed!,这件邪恶的遗物必须被摧毁！
terrain_mirror.nothing_happens,Nothing happens.,什么也没有发生。
terrain_mirror.stare_deep_prefix,I stare deep into the ,我凝视着那面
terrain_mob.article_a,a,__EMPTY__
terrain_mob.article_the,the,__EMPTY__
terrain_mob.article_the_space,the ,__EMPTY__
terrain_mob.cough,I cough.,我咳嗽起来。
terrain_mob.force_field_name, force field,力场
terrain_mob.hear_coughing,I hear coughing.,我听见咳嗽声。
terrain_mob.lit_flare_name, lit flare,点燃的照明棒
terrain_mob.lit_stick_of_dynamite_name, lit stick of dynamite,点燃的炸药棒
terrain_mob.mist_name,mist,雾霭
terrain_mob.smoke_in_eyes,I am getting smoke in my eyes.,烟雾熏进了我的眼睛。
terrain_mob.smoke_name,smoke,烟雾
terrain_monolith.article_a,a ,__EMPTY__
terrain_monolith.article_the,the ,__EMPTY__
terrain_monolith.carved_monolith,carved monolith,雕刻石碑
terrain_monolith.carved_rock_here,There is a carved rock here.,这里有一块雕刻过的石头。
terrain_monolith.defiled_rock_here,There is a carved rock defiled with blasphemous carvings here. It must be destroyed!,这里有一块刻着亵渎铭文的石头。它必须被摧毁！
terrain_monolith.defiled_rock_notice,"This rock is defiled with blasphemous carvings, it must be destroyed!",这块石头被亵渎的铭文玷污了，必须被摧毁！
terrain_monolith.destroyed,The monolith is destroyed.,石碑被摧毁了。
terrain_monolith.feel_powerful,I feel powerful!,我感到充满力量！
terrain_monolith.legend_text,Monolith,石碑
terrain_monolith.nothing_happens,Nothing happens.,什么也没有发生。
terrain_monolith.recite_inscriptions,I recite the inscriptions on the Monolith...,我诵读了石碑上的铭文...
terrain_pylon.a_coiled_pylon,a Coiled Pylon,螺旋塔柱
terrain_pylon.a_serrated_pylon,a Serrated Pylon,锯齿塔柱
terrain_pylon.a_star_crowned_pylon,a Star-crowned Pylon,星冠塔柱
terrain_pylon.a_two_pronged_pylon,a Two-pronged Pylon,双叉塔柱
terrain_pylon.accelerating_pylon_effect,accelerates creatures,使生物加速
terrain_pylon.accelerating_pylon_name, Accelerating Pylon,加速塔柱
terrain_pylon.an_angled_pylon,an Angled Pylon,斜角塔柱
terrain_pylon.an_arched_pylon,an Arched Pylon,拱形塔柱
terrain_pylon.angled_pylon,Angled Pylon,斜角塔柱
terrain_pylon.arched_pylon,Arched Pylon,拱形塔柱
terrain_pylon.article_a,a,__EMPTY__
terrain_pylon.article_an,an,__EMPTY__
terrain_pylon.article_the,the,__EMPTY__
terrain_pylon.cloaking_pylon_effect,turns creatures invisible,使生物隐形
terrain_pylon.cloaking_pylon_name, Cloaking Pylon,隐形塔柱
terrain_pylon.coiled_pylon,Coiled Pylon,螺旋塔柱
terrain_pylon.destroyed_suffix, is destroyed.,被摧毁了。
terrain_pylon.now_know_prefix,I now know that ,我现在知道
terrain_pylon.period,.,。
terrain_pylon.repelling_pylon_effect,repels creatures,击退生物
terrain_pylon.repelling_pylon_name, Repelling Pylon,排斥塔柱
terrain_pylon.serrated_pylon,A Serrated Pylon,锯齿塔柱
terrain_pylon.slowing_pylon_effect,slows creatures,使生物迟缓
terrain_pylon.slowing_pylon_name, Slowing Pylon,迟缓塔柱
terrain_pylon.space,__SPACE__,__EMPTY__
terrain_pylon.star_crowned_pylon,Star-crowned Pylon,星冠塔柱
terrain_pylon.teleporting_pylon_effect,teleports creatures,传送生物
terrain_pylon.teleporting_pylon_name, Teleporting Pylon,传送塔柱
terrain_pylon.terror_pylon_effect,causes fear,造成恐惧
terrain_pylon.terror_pylon_name, Terror Pylon,恐惧塔柱
terrain_pylon.the,the ,__EMPTY__
terrain_pylon.two_pronged_pylon,Two-pronged Pylon,双叉塔柱
terrain_trap.alarm_sounds,An alarm sounds!,警报响起！
terrain_trap.alarm_trap_name, alarm trap,警报陷阱
terrain_trap.appears_suffix, appears!,出现了！
terrain_trap.article_a,a,__EMPTY__
terrain_trap.article_an,an,__EMPTY__
terrain_trap.article_the,the,__EMPTY__
terrain_trap.beam_from,A beam of light shoots out from ,一道光束从
terrain_trap.beam_under,A beam of light shoots out under ,一道光束从
terrain_trap.blinding_trap_name, blinding trap,致盲陷阱
terrain_trap.boundary_sigil_name, Boundary Sigil,边界印记
terrain_trap.click,I hear a click.,我听到一声咔哒。
terrain_trap.crushing_pressure,There is suddenly a crushing pressure in the air!,空气中突然出现一股压迫力！
terrain_trap.cut_free_machete,I cut myself free with my Machete.,我用砍刀割断束缚。
terrain_trap.dart_launched_from,A dart is launched from ,一支飞镖从
terrain_trap.dart_trap_name, dart trap,飞镖陷阱
terrain_trap.deafening_trap_name, deafening trap,震聋陷阱
terrain_trap.disarm,I disarm a trap.,我拆除一个陷阱。
terrain_trap.entangled_suffix, is entangled in a huge spider web!,被一张巨大的蜘蛛网缠住了！
terrain_trap.entangled_threads,I am entangled in a sticky mass of threads!,我被一团黏稠的丝线缠住了！
terrain_trap.entangled_web,I am entangled in a spider web!,我被一张蜘蛛网缠住了！
terrain_trap.exclaim,!,！
terrain_trap.fades_out, fades out.,消散了。
terrain_trap.ground_shifting,I feel the ground shifting slightly under my foot.,我感觉脚下的地面轻微地移动了一下。
terrain_trap.hear_burst_gas,I hear a burst of gas.,我听到一阵气体喷出的声音。
terrain_trap.hear_otherworldly_blaze,I hear an otherworldly blaze.,我听到一阵异界的焰声。
terrain_trap.here_exclaim, here!,在这里！
terrain_trap.intense_flash,There is an intense flash of light!,有一道强烈的闪光！
terrain_trap.it,it,它
terrain_trap.misty_haze_self,I am surrounded by a misty haze.,我被一阵雾霭包围。
terrain_trap.misty_haze_surrounds,A misty haze surrounds ,一阵雾霭笼罩了
terrain_trap.no_apparent_effect,There is no apparent effect.,没有明显效果。
terrain_trap.peculiar_energy,I feel a peculiar energy around me!,我感到周围有一股奇特的能量！
terrain_trap.period,.,。
terrain_trap.query_suffix,?,？
terrain_trap.sigil_name, Sigil,印记
terrain_trap.smoke_released,A burst of smoke is released from a vent in the floor!,一股烟雾从地板上的通风口喷出！
terrain_trap.smoke_trap_name, smoke trap,烟雾陷阱
terrain_trap.spear_shoots_from,A spear shoots out from ,一支长矛从
terrain_trap.spear_trap_name, spear trap,长矛陷阱
terrain_trap.spider_web_name, spider web,蜘蛛网
terrain_trap.spot_prefix,I spot ,我发现了
terrain_trap.step_into,Step into ,踏入
terrain_trap.surroundings_change,The surroundings change!,周围的环境改变了！
terrain_trap.tear_down_web,I tear down a spider web.,我拆掉一张蜘蛛网。
terrain_trap.the_floor,the floor,地板
terrain_trap.there_is,There is ,这里有
terrain_trap.wavers, wavers.,摇晃了一下。
text_format.and_separator, and ,和
throwing.creature_hit,A creature is hit.,有生物被击中了。
throwing.is_hit_suffix, is hit.,被击中了。
throwing.monster_throws, throws ,投掷了
throwing.period,.,。
throwing.player_throw_prefix,I throw ,我投掷了
throwing.unseen_creature,An unseen creature,有个看不见的生物
version.copyright,(c) 2011-2025 Martin Tornqvist,(c) 2011-2025 Martin Tornqvist
version.license,"Infra Arcana is free software, see LICENSE.txt.",Infra Arcana 是自由软件，详见 LICENSE.txt。
view.creature_here,There is a creature here.,这里有一个生物。
view.remember_here,I remember here:,我记得这里：
view.very_dark_here,It is very dark here.,这里非常黑暗。
view_actor_descr.appears_to_move_suffix, appears to move{_},看起来移动
view_actor_descr.because_unaware_suffix, (because they are unaware),（因为它们未察觉）
view_actor_descr.cannot_visually_detect,They cannot visually detect other creatures,它们无法通过视觉侦测其他生物
view_actor_descr.color_dark_yellow,{COLOR_DARK_YELLOW},{COLOR_DARK_YELLOW}
view_actor_descr.color_reset,{reset_color},{reset_color}
view_actor_descr.full_health,They are at full health.,它们生命值全满。
view_actor_descr.health_prefix,They are at ,它们生命值为
view_actor_descr.health_suffix,% health.,%。
view_actor_descr.is_wielding, is wielding ,正持有
view_actor_descr.it,It,它
view_actor_descr.melee_hit_chance_kick_suffix,", and the chance to hit by kicking is{_}{COLOR_LIGHT_GREEN}",，踢击命中率为{_}{COLOR_LIGHT_GREEN}
view_actor_descr.melee_hit_chance_prefix,The chance to hit ,命中
view_actor_descr.melee_hit_chance_same_suffix, with a melee attack or kicking is currently{_}{COLOR_LIGHT_GREEN},的近战攻击或踢击命中率当前为{_}{COLOR_LIGHT_GREEN}
view_actor_descr.melee_hit_chance_weapon_suffix, with a melee attack is currently{_}{COLOR_LIGHT_GREEN},的近战攻击命中率当前为{_}{COLOR_LIGHT_GREEN}
view_actor_descr.natural_property_can,They can,它们能
view_actor_descr.natural_property_cannot,They cannot,它们不会
view_actor_descr.natural_property_cannot_be,They cannot be,它们不会被
view_actor_descr.natural_property_cannot_be_harmed_by,They cannot be harmed by,它们不会受到
view_actor_descr.natural_property_comma,",",、
view_actor_descr.natural_property_confusion,confusion,混乱
view_actor_descr.natural_property_disease,{COLOR_GREEN}disease{reset_color},{COLOR_GREEN}疾病{reset_color}
view_actor_descr.natural_property_electricity,{COLOR_YELLOW}electricity{reset_color},{COLOR_YELLOW}电击{reset_color}
view_actor_descr.natural_property_emits_light,They emit light and can be seen in darkness,它们会发光，并且能在黑暗中被看见
view_actor_descr.natural_property_explodes_on_death,They explode on death,它们死亡时会爆炸
view_actor_descr.natural_property_faint,faint,昏厥
view_actor_descr.natural_property_fear,fear,恐惧
view_actor_descr.natural_property_fire,{COLOR_LIGHT_RED}fire{reset_color},{COLOR_LIGHT_RED}火焰{reset_color}
view_actor_descr.natural_property_flammable,"They are very flammable, and will quickly ignite other nearby ",它们非常易燃，并会迅速点燃附近其他易燃生物
view_actor_descr.natural_property_item_separator,__SPACE__,__EMPTY__
view_actor_descr.natural_property_magic,{COLOR_MAGENTA}magic{reset_color},{COLOR_MAGENTA}魔法{reset_color}
view_actor_descr.natural_property_or,or ,或
view_actor_descr.natural_property_outer_being,"{COLOR_VIOLET}They are an Outer Being, not anchored to ",{COLOR_VIOLET}它们是外界存在，并未锚定于此现实{reset_color}
view_actor_descr.natural_property_paralyzed,paralyzed,麻痹
view_actor_descr.natural_property_physical_damage,{COLOR_GRAY}physical damage{reset_color},{COLOR_GRAY}物理伤害{reset_color}
view_actor_descr.natural_property_poison,{COLOR_LIGHT_GREEN}poison{reset_color},{COLOR_LIGHT_GREEN}毒素{reset_color}
view_actor_descr.natural_property_reduced_pierce_damage,Piercing attacks such as pistol shots or dagger strikes are very ,手枪射击或匕首刺击等穿刺攻击对它们非常无效
view_actor_descr.natural_property_regenerating,They regenerate health over time,它们会随时间恢复生命
view_actor_descr.natural_property_see_in_darkness,see in darkness,在黑暗中视物
view_actor_descr.natural_property_slowed,slowed,减速
view_actor_descr.natural_property_unaffected_by,They are unaffected by,它们不受
view_actor_descr.natural_property_undead,{COLOR_MAGENTA}This creature is undead{reset_color},{COLOR_MAGENTA}这个生物是不死生物{reset_color}
view_actor_descr.pct_color_suffix,%{reset_color},%{reset_color}
view_actor_descr.period,.,。
view_actor_descr.property_title_separator,{color_reset}: ,{color_reset}：
view_actor_descr.pursues_once_aware_suffix, (but will pursue any threat once aware),（但一旦察觉到威胁就会追击）
view_actor_descr.remember_for_at_least, will remember hostile creatures for at least ,至少会记住敌对生物
view_actor_descr.remembers_for_a, remembers hostile creatures for a ,会记住敌对生物
view_actor_descr.shock_frightening,frightening,令人恐惧
view_actor_descr.shock_mind_shattering,mind shattering,震碎心智
view_actor_descr.shock_terrifying,terrifying,恐怖
view_actor_descr.shock_unsettling,unsettling,令人不安
view_actor_descr.sneak_chance_prefix,The chance to remain undetected by ,不被
view_actor_descr.sneak_chance_suffix, is currently{_}{COLOR_LIGHT_GREEN},发现的几率当前为{_}{COLOR_LIGHT_GREEN}
view_actor_descr.speed_fast,fast,快速
view_actor_descr.speed_slowly,slowly,缓慢
view_actor_descr.speed_very_swiftly,very swiftly,非常迅速
view_actor_descr.they_appear_to_move,They appear to move{_},它们看起来移动
view_actor_descr.they_are,They are ,它们看起来
view_actor_descr.to_behold, to behold,__EMPTY__
view_actor_descr.turns_suffix,{_}turns{reset_color}.,{_}回合{reset_color}。
view_actor_descr.unique_is, is ,看起来
view_actor_descr.very_long_time,{COLOR_DARK_YELLOW}very long time{reset_color}.,{COLOR_DARK_YELLOW}非常久{reset_color}。
